arrival_hour,Charging Duration (hours),Energy Consumed (kWh),cluster,customer_type
0,0.5913634253585007,60.71234573492677,0,Urgent (Immediate Charging)
1,3.133652052688084,12.339275203733752,2,Urgent (Immediate Charging)
2,2.4526527258367823,19.12887570011548,2,Urgent (Immediate Charging)
3,1.266430804620451,79.45782398845503,0,Urgent (Immediate Charging)
4,2.0197650865894614,19.62910416772725,2,Urgent (Immediate Charging)
5,1.1676401541014236,43.18113714248533,0,Urgent (Immediate Charging)
6,3.5396190263161467,36.862139988267536,2,Urgent (Immediate Charging)
7,2.6553964456130235,51.46761685839947,0,Urgent (Immediate Charging)
8,1.724203599132774,43.59237228216989,0,Urgent (Immediate Charging)
9,2.0268746909843576,78.86860745126785,0,Urgent (Immediate Charging)
10,2.6486354477276968,18.20619747737872,2,Urgent (Immediate Charging)
11,2.0578886215204486,22.564929484106763,3,Urgent (Immediate Charging)
12,3.0655847520228034,34.256452908516025,2,Urgent (Immediate Charging)
13,3.5909657181461028,16.56106432522506,2,Urgent (Immediate Charging)
14,3.4218093378407497,12.927545290947553,2,Urgent (Immediate Charging)
15,2.703286127534274,27.354317884610715,3,Urgent (Immediate Charging)
16,3.4586802787724484,24.726937680708804,2,Urgent (Immediate Charging)
17,0.8482182678183041,23.824040473705303,3,Urgent (Immediate Charging)
18,0.8075321582617996,42.63801819167288,3,Urgent (Immediate Charging)
19,2.5809253540076567,48.48248430757049,1,Urgent (Immediate Charging)
20,3.16887289218907,50.27906667357191,1,Urgent (Immediate Charging)
21,2.9317614950957465,59.1350316162392,1,Urgent (Immediate Charging)
22,2.5628173042684104,49.19642958971384,1,Urgent (Immediate Charging)
23,2.0714292092234388,68.44712632026376,1,Urgent (Immediate Charging)
0,0.9571376601264636,27.60438468247694,0,Urgent (Immediate Charging)
1,3.604173535372616,40.178003499947216,2,Urgent (Immediate Charging)
2,3.652540335433942,43.487751224792326,2,Urgent (Immediate Charging)
3,1.547713717696371,10.338517723856468,2,Urgent (Immediate Charging)
4,2.4396779381538938,31.68448458657448,2,Urgent (Immediate Charging)
5,3.153257254972797,56.59325685914933,2,Urgent (Immediate Charging)
6,1.435532787267766,19.473800595427143,2,Urgent (Immediate Charging)
7,2.0076640542660726,38.28919933554271,0,Urgent (Immediate Charging)
8,1.306927271746284,16.136238725396332,3,Urgent (Immediate Charging)
9,0.9991001884039166,60.06708508895625,0,Urgent (Immediate Charging)
10,1.8735815970397776,57.72437946101146,0,Urgent (Immediate Charging)
11,2.8916769844807484,37.37451606078376,2,Urgent (Immediate Charging)
12,3.470003433537161,39.940563619980615,2,Urgent (Immediate Charging)
13,1.0404523051899732,73.38661952275571,0,Urgent (Immediate Charging)
14,1.2804107080349374,61.52075986084904,0,Urgent (Immediate Charging)
15,3.2424460582484915,68.17785003637414,1,Urgent (Immediate Charging)
16,1.9623405401552507,67.51805822343026,1,Urgent (Immediate Charging)
17,2.3977153605176023,39.398742356080696,3,Urgent (Immediate Charging)
18,1.373881357931789,12.049319706245154,3,Urgent (Immediate Charging)
19,3.030202685230273,77.0536063752363,1,Urgent (Immediate Charging)
21,3.877992452581901,46.80719594482398,1,Urgent (Immediate Charging)
22,2.1051170788531968,67.47546614008147,1,Urgent (Immediate Charging)
23,1.6336686079712066,30.710934027103814,3,Urgent (Immediate Charging)
1,2.2095428234972503,8.713190575944605,2,Urgent (Immediate Charging)
2,0.5123781829612861,9.06588081544948,0,Urgent (Immediate Charging)
3,1.88926151834522,58.73397361690925,0,Urgent (Immediate Charging)
4,3.3138023577161824,65.98624912728606,1,Urgent (Immediate Charging)
5,1.9113031543827848,74.99970643372605,0,Urgent (Immediate Charging)
6,3.3140797633169585,17.769436409407696,2,Urgent (Immediate Charging)
7,1.6783584198879236,50.26893407436542,0,Urgent (Immediate Charging)
8,3.873449980578508,76.45046498743068,1,Urgent (Immediate Charging)
9,0.9179022472670976,77.86372676031044,0,Urgent (Immediate Charging)
10,1.285283896923329,21.89299267514347,3,Urgent (Immediate Charging)
11,2.413754936898993,71.28000416235402,1,Urgent (Immediate Charging)
12,2.082100007126398,21.82768817738645,3,Urgent (Immediate Charging)
13,2.117893349954352,62.723162291274086,1,Urgent (Immediate Charging)
14,0.6505075790560018,46.1951370011332,3,Urgent (Immediate Charging)
15,2.482090675316866,29.34565985727085,3,Urgent (Immediate Charging)
16,2.1234202003251825,76.93342189972203,1,Urgent (Immediate Charging)
17,1.2796206959579637,59.25460166411963,3,Urgent (Immediate Charging)
18,1.6090994326029475,37.06292777850246,3,Urgent (Immediate Charging)
19,0.8575824648349768,67.69516175123809,3,Urgent (Immediate Charging)
20,1.702974822474663,16.41401693253662,3,Urgent (Immediate Charging)
21,3.608030961009233,67.00568214318923,1,Urgent (Immediate Charging)
22,3.2801429687726915,70.61729259484447,1,Urgent (Immediate Charging)
23,0.947277208902377,61.13047583037784,3,Urgent (Immediate Charging)
0,1.5694707135750048,22.88203842151127,0,Urgent (Immediate Charging)
1,0.5815047780490367,12.894887186031896,0,Urgent (Immediate Charging)
2,2.285242161327478,69.16916705566726,0,Urgent (Immediate Charging)
4,3.865136106678535,49.2788373994772,2,Urgent (Immediate Charging)
5,3.340997592022919,31.218889683829406,2,Urgent (Immediate Charging)
6,1.0288186666188504,30.651699818598622,0,Urgent (Immediate Charging)
7,3.729365399834844,59.9864767329939,1,Urgent (Immediate Charging)
8,0.6917553642371982,51.67374779364138,0,Urgent (Immediate Charging)
9,2.7255608456585247,35.9072426531086,2,Urgent (Immediate Charging)
10,0.8070687454194462,41.60783353260332,0,Urgent (Immediate Charging)
11,3.4086383448749484,32.83295683246542,2,Urgent (Immediate Charging)
12,1.261117292569857,57.92445004054599,0,Urgent (Immediate Charging)
13,1.8944268875741128,21.65616411567424,3,Urgent (Immediate Charging)
14,3.3669557754635044,41.01058174547109,1,Urgent (Immediate Charging)
15,2.6064796291623145,79.81869447094793,1,Urgent (Immediate Charging)
16,1.4696595869919784,33.07294950547435,3,Urgent (Immediate Charging)
17,2.543139660740745,27.84315247164263,3,Urgent (Immediate Charging)
18,1.0796586545757096,28.440773917754164,3,Urgent (Immediate Charging)
19,2.9303906461796965,68.57302471319414,1,Urgent (Immediate Charging)
20,0.929486553755634,65.431016913359,3,Urgent (Immediate Charging)
21,3.5150120063589623,71.61568949106118,1,Urgent (Immediate Charging)
22,2.3423957855284567,7.930901450146639,3,Urgent (Immediate Charging)
0,3.8290118099189465,55.72920335411825,2,Urgent (Immediate Charging)
1,0.6902816245406431,31.046574961450595,0,Urgent (Immediate Charging)
2,3.348390650345465,15.91756323749268,2,Urgent (Immediate Charging)
3,3.6213171012978576,50.90348235510272,2,Urgent (Immediate Charging)
4,0.6525822262740804,71.47764853216556,0,Urgent (Immediate Charging)
5,4.123064395584728,74.15366015953305,1,Flexible (Can Extend Charging)
6,3.1185084418609943,46.77551047348464,2,Urgent (Immediate Charging)
7,1.9561781679786927,8.469643800499997,2,Urgent (Immediate Charging)
8,2.5255130370658327,61.697438669843606,1,Urgent (Immediate Charging)
9,3.6044547433316194,41.264155052372864,2,Urgent (Immediate Charging)
10,1.487800086413389,6.503953233800639,3,Urgent (Immediate Charging)
11,3.1462506357761653,65.89318362199285,1,Urgent (Immediate Charging)
12,3.069015227098616,13.262909019022482,2,Urgent (Immediate Charging)
14,0.9111517909550064,27.42595097070096,3,Urgent (Immediate Charging)
15,2.4307933707665974,7.358446629421065,3,Urgent (Immediate Charging)
16,2.4493464545125736,36.13726899530781,3,Urgent (Immediate Charging)
17,1.837402025783315,29.16952953646135,3,Urgent (Immediate Charging)
18,1.4058899107283944,43.4453789766191,3,Urgent (Immediate Charging)
19,2.463684938333577,26.8691096120868,3,Urgent (Immediate Charging)
20,2.7822095659811867,17.933479173039434,3,Urgent (Immediate Charging)
21,3.1882589503371697,60.47162634897462,1,Urgent (Immediate Charging)
22,3.462571540834156,17.704737472368393,3,Urgent (Immediate Charging)
23,1.1768393082458872,47.71409590115245,3,Urgent (Immediate Charging)
0,1.4256525513794889,71.18526462073517,0,Urgent (Immediate Charging)
1,1.9257418407030744,39.64439031543013,0,Urgent (Immediate Charging)
2,3.3183683043720347,24.84871287490711,2,Urgent (Immediate Charging)
3,3.4168695993661142,7.515940355911836,2,Urgent (Immediate Charging)
4,3.1900131034328947,64.41904928508166,1,Urgent (Immediate Charging)
5,1.2918547116648724,6.189015903017523,2,Urgent (Immediate Charging)
6,3.623898268861632,37.787903717013286,2,Urgent (Immediate Charging)
7,2.578732446114916,9.15123419135714,2,Urgent (Immediate Charging)
8,3.14065016250783,15.660564019843829,2,Urgent (Immediate Charging)
9,3.536754115192,35.55367093393553,2,Urgent (Immediate Charging)
10,3.80489963875978,47.52745876259207,1,Urgent (Immediate Charging)
11,3.3580146467574785,36.616568616352566,2,Urgent (Immediate Charging)
12,2.0662813799021897,65.48719595789339,1,Urgent (Immediate Charging)
13,3.625604853300888,33.88719708294054,2,Urgent (Immediate Charging)
14,3.294730867342969,47.29002739188249,1,Urgent (Immediate Charging)
15,0.5639379356338684,48.48756787108178,3,Urgent (Immediate Charging)
16,0.6486756832113033,15.010165946159637,3,Urgent (Immediate Charging)
17,1.2674299555740305,30.06513890238722,3,Urgent (Immediate Charging)
18,2.9654194045690128,74.10645011572457,1,Urgent (Immediate Charging)
19,3.062344294379421,66.15159678916712,1,Urgent (Immediate Charging)
20,1.2995270359925628,47.37743937319623,3,Urgent (Immediate Charging)
21,2.845705702692192,45.99296137212069,1,Urgent (Immediate Charging)
22,2.0735530968912244,48.28787199679972,3,Urgent (Immediate Charging)
23,2.8560625647309243,78.69341922441535,1,Urgent (Immediate Charging)
0,1.5169722905210936,68.03002486170053,0,Urgent (Immediate Charging)
1,3.635489899529857,40.24838259933458,2,Urgent (Immediate Charging)
2,1.0613444684528497,74.28073484499863,0,Urgent (Immediate Charging)
4,2.0192284141917014,74.94807969154884,0,Urgent (Immediate Charging)
5,1.2769826575664145,52.884130298910776,0,Urgent (Immediate Charging)
6,2.4966027035075133,34.96988837156509,2,Urgent (Immediate Charging)
7,2.553216595405557,55.91756316726556,0,Urgent (Immediate Charging)
8,3.32083538932119,76.59801205371735,1,Urgent (Immediate Charging)
9,1.3517035922154306,20.25597516487363,3,Urgent (Immediate Charging)
10,3.254362544448932,56.06879094629386,1,Urgent (Immediate Charging)
11,3.436820245282369,65.04979561439833,1,Urgent (Immediate Charging)
13,0.8419612388537623,23.57128153810389,3,Urgent (Immediate Charging)
15,5.2203593752244375,41.08911136063269,1,Flexible (Can Extend Charging)
16,3.7364814721594968,48.99847458311938,1,Urgent (Immediate Charging)
17,2.361618351806849,10.2776080929522,3,Urgent (Immediate Charging)
18,3.265855665654016,45.57396766460627,1,Urgent (Immediate Charging)
19,3.275193659758267,69.1055463943984,1,Urgent (Immediate Charging)
20,3.397770136981499,37.76450274178449,1,Urgent (Immediate Charging)
21,2.546129258443054,14.495687027174723,3,Urgent (Immediate Charging)
22,3.2496621390652534,54.64087910335184,1,Urgent (Immediate Charging)
23,3.0072916928991527,67.89119052685948,1,Urgent (Immediate Charging)
0,1.030563727656758,22.742594390832505,0,Urgent (Immediate Charging)
1,1.0409740232745897,56.01783153828373,0,Urgent (Immediate Charging)
2,0.9845492206293912,127.75747441174424,0,Urgent (Immediate Charging)
3,0.5212915882023574,13.87716708884735,0,Urgent (Immediate Charging)
5,2.0468743813136925,47.82436784944839,0,Urgent (Immediate Charging)
6,1.7251361548508353,71.14274635725945,0,Urgent (Immediate Charging)
7,3.284946614350205,6.08863208957066,2,Urgent (Immediate Charging)
8,2.1821725676582537,33.098691426112154,2,Urgent (Immediate Charging)
9,2.921583661643124,78.83314651875263,1,Urgent (Immediate Charging)
10,0.8358451423130647,63.23651609867501,0,Urgent (Immediate Charging)
11,3.984418263508884,50.16138087841768,1,Urgent (Immediate Charging)
12,0.8566172610118857,21.82050636814289,3,Urgent (Immediate Charging)
13,3.026524839632501,61.00032235899777,1,Urgent (Immediate Charging)
14,0.9689769691243776,47.3146093849059,3,Urgent (Immediate Charging)
15,1.3501018281867616,33.78434419301355,3,Urgent (Immediate Charging)
16,1.6133875984291093,47.84104322110981,3,Urgent (Immediate Charging)
17,3.0806034583458395,10.640152157210183,3,Urgent (Immediate Charging)
18,3.4982855553220924,72.2378188219246,1,Urgent (Immediate Charging)
19,3.1018270774146552,36.15792621947456,3,Urgent (Immediate Charging)
20,2.0400221150977345,63.62653233247981,1,Urgent (Immediate Charging)
21,2.3126750622410013,8.349591228417406,3,Urgent (Immediate Charging)
22,3.705617221578461,65.83154346501938,1,Urgent (Immediate Charging)
23,1.4145057611789325,55.18877391493572,3,Urgent (Immediate Charging)
0,1.106862482944654,55.97943470013186,0,Urgent (Immediate Charging)
1,0.9764775412267896,38.50773758511891,0,Urgent (Immediate Charging)
2,0.5690623348394185,13.105812024979125,0,Urgent (Immediate Charging)
3,3.457199297563886,7.81642400450342,2,Urgent (Immediate Charging)
4,2.76432358740617,52.50980894268295,2,Urgent (Immediate Charging)
5,0.9802518418740852,12.128018048871455,0,Urgent (Immediate Charging)
6,3.275752116632101,28.98835178470727,2,Urgent (Immediate Charging)
7,2.6653684817410275,13.485195325551771,2,Urgent (Immediate Charging)
8,2.8771910937329785,80.72941928487083,1,Urgent (Immediate Charging)
9,3.445384636919679,53.58667286183268,1,Urgent (Immediate Charging)
10,0.5991352514145969,72.82858509991425,0,Urgent (Immediate Charging)
11,2.822449218454964,64.23213303009759,1,Urgent (Immediate Charging)
12,2.505005630664888,17.854873424356434,2,Urgent (Immediate Charging)
13,3.887300863600527,63.85425613845187,1,Urgent (Immediate Charging)
14,0.7763584975843215,70.99471727287802,0,Urgent (Immediate Charging)
15,3.432085658312173,62.24807114091579,1,Urgent (Immediate Charging)
16,0.6089750827569935,78.64289917152071,0,Urgent (Immediate Charging)
17,2.4227759300549403,6.961875674256488,3,Urgent (Immediate Charging)
18,3.623184645772829,75.18617180833594,1,Urgent (Immediate Charging)
19,0.7973944310128724,1.7545202338044217,3,Urgent (Immediate Charging)
20,3.665318917813474,73.61433544405698,1,Urgent (Immediate Charging)
21,0.9035194095926008,6.377874090357831,3,Urgent (Immediate Charging)
22,1.2866745067137464,51.16182197500394,3,Urgent (Immediate Charging)
23,1.2186895776866975,28.22969163134975,3,Urgent (Immediate Charging)
0,3.7045719493020433,67.9228322505551,1,Urgent (Immediate Charging)
1,2.865108393074641,15.273666673214588,2,Urgent (Immediate Charging)
2,2.2291425495078623,50.643736597993126,0,Urgent (Immediate Charging)
3,2.9356092518749914,52.05474164868848,2,Urgent (Immediate Charging)
4,0.6055648002739363,57.89799819019454,0,Urgent (Immediate Charging)
5,0.670877146738795,30.900798344474765,0,Urgent (Immediate Charging)
6,3.133547022568186,35.348377133007446,2,Urgent (Immediate Charging)
7,2.7490297053158925,11.92593792090742,2,Urgent (Immediate Charging)
8,0.5844647254239376,55.46412783572684,0,Urgent (Immediate Charging)
9,3.976851392100341,44.15948700741327,2,Urgent (Immediate Charging)
10,0.8786516820801358,65.24475504703462,0,Urgent (Immediate Charging)
11,3.6470085095575575,20.46478094414017,2,Urgent (Immediate Charging)
12,1.9125631476780167,49.186728304534114,0,Urgent (Immediate Charging)
13,0.5606409011449397,32.64266713861244,3,Urgent (Immediate Charging)
14,1.229144212048145,66.62370004100543,0,Urgent (Immediate Charging)
15,0.6112620234429819,33.365508790480845,3,Urgent (Immediate Charging)
16,2.465336095706008,68.82528250979368,1,Urgent (Immediate Charging)
17,0.7389305304942535,65.89172326762375,0,Urgent (Immediate Charging)
19,2.816823552679627,12.669821074783703,3,Urgent (Immediate Charging)
20,0.6133138204604283,25.35411411775736,3,Urgent (Immediate Charging)
21,1.7132415118711748,37.928111661586094,3,Urgent (Immediate Charging)
23,1.3839409159301177,31.877190174337137,3,Urgent (Immediate Charging)
0,3.20387178644321,29.582840438091417,2,Urgent (Immediate Charging)
1,3.518061326092396,37.50977747998428,2,Urgent (Immediate Charging)
2,2.556263536975257,7.849721866582429,2,Urgent (Immediate Charging)
3,0.2066308831427136,66.52076448264908,0,Urgent (Immediate Charging)
5,3.4738635759039367,29.84062267463912,2,Urgent (Immediate Charging)
6,3.83954484305295,59.781219876480165,1,Urgent (Immediate Charging)
7,2.9748362665638908,76.3581979165499,1,Urgent (Immediate Charging)
8,1.7089707006187953,60.41010374511423,0,Urgent (Immediate Charging)
9,3.4306460183858127,44.78548903983442,2,Urgent (Immediate Charging)
10,3.382077828663508,22.22767365216008,2,Urgent (Immediate Charging)
11,2.3128773289248614,22.275712407676338,2,Urgent (Immediate Charging)
12,2.525432775511763,29.01396645530415,2,Urgent (Immediate Charging)
13,2.710755712940239,61.1175287370132,1,Urgent (Immediate Charging)
14,3.5756254859207277,65.55092159002764,1,Urgent (Immediate Charging)
15,0.6246182928077807,76.57976765251057,0,Urgent (Immediate Charging)
16,0.8530870981871089,37.09360176408391,3,Urgent (Immediate Charging)
17,3.2109261461579206,56.35798687093989,1,Urgent (Immediate Charging)
18,1.0468543998817086,6.35451648199704,3,Urgent (Immediate Charging)
19,3.078528492754888,60.5227294924313,1,Urgent (Immediate Charging)
20,3.7314884549610063,49.62151165856079,1,Urgent (Immediate Charging)
21,1.2533145623700643,54.126087254300025,3,Urgent (Immediate Charging)
22,3.2392925386945284,13.088994842173186,3,Urgent (Immediate Charging)
23,1.9106242112713985,7.424244899456774,3,Urgent (Immediate Charging)
0,3.310831015582224,47.08633600039671,2,Urgent (Immediate Charging)
2,0.8652131466394621,56.82135247009669,0,Urgent (Immediate Charging)
3,2.65165086059227,36.53187940069507,2,Urgent (Immediate Charging)
4,1.9862538995816736,58.151062888392886,0,Urgent (Immediate Charging)
5,3.333555447833435,63.59427153371392,1,Urgent (Immediate Charging)
6,2.314931146241422,55.415049767383415,0,Urgent (Immediate Charging)
7,3.3808345310347176,12.919879701960571,2,Urgent (Immediate Charging)
8,3.372738572105164,70.24471717977453,1,Urgent (Immediate Charging)
9,1.161237733936936,47.904097938603606,0,Urgent (Immediate Charging)
10,3.878900409409207,59.14827213488981,1,Urgent (Immediate Charging)
11,3.465256587160052,6.462698570789017,2,Urgent (Immediate Charging)
12,3.893154871495159,79.0022597060318,1,Urgent (Immediate Charging)
13,2.8051787813708304,19.9168777203513,2,Urgent (Immediate Charging)
14,3.5163531165106763,73.22951284506478,1,Urgent (Immediate Charging)
15,3.216985824064025,15.058971703234262,2,Urgent (Immediate Charging)
16,2.6746900749995723,12.132557803938544,3,Urgent (Immediate Charging)
17,2.3000050341363685,30.53308100745638,3,Urgent (Immediate Charging)
18,2.424679354945065,20.3535460696326,3,Urgent (Immediate Charging)
19,2.1335036284136573,6.479430984738162,3,Urgent (Immediate Charging)
20,1.8272416718247204,14.018823992805098,3,Urgent (Immediate Charging)
21,1.3995197521599705,61.83012083767203,3,Urgent (Immediate Charging)
22,1.303555581123807,51.62169093377357,3,Urgent (Immediate Charging)
23,0.8912958968406132,13.319017315610488,3,Urgent (Immediate Charging)
0,2.6670149761721653,37.6423038507068,2,Urgent (Immediate Charging)
1,0.637026904969773,70.62045542020036,0,Urgent (Immediate Charging)
2,2.8590804803775773,74.49108355632316,0,Urgent (Immediate Charging)
3,2.287496504307609,32.52486104511656,2,Urgent (Immediate Charging)
4,0.5318848035877057,78.39905610034737,0,Urgent (Immediate Charging)
5,1.2923823850992102,65.32285347166376,0,Urgent (Immediate Charging)
6,1.6293384812840173,30.63992013217628,0,Urgent (Immediate Charging)
7,1.548133495316547,78.15878931012135,0,Urgent (Immediate Charging)
8,1.3473103319992674,5.3378360735216495,3,Urgent (Immediate Charging)
9,2.0626726768907844,29.318815538897795,2,Urgent (Immediate Charging)
10,3.269542110243809,23.99396127242872,2,Urgent (Immediate Charging)
11,1.0866768976439043,5.69951995446004,3,Urgent (Immediate Charging)
12,0.6431048412173435,54.52901286506665,0,Urgent (Immediate Charging)
13,3.354432889112449,56.324648784145005,1,Urgent (Immediate Charging)
15,2.7599862066097303,65.2254522844251,1,Urgent (Immediate Charging)
16,2.5925972772690966,23.54038391979749,3,Urgent (Immediate Charging)
17,1.828878540843832,18.549702417680702,3,Urgent (Immediate Charging)
18,2.68656498163465,20.763187642544253,3,Urgent (Immediate Charging)
19,3.93657053723412,46.45478115373152,1,Urgent (Immediate Charging)
20,2.008221975228492,49.74934189978176,3,Urgent (Immediate Charging)
21,1.5908913989608646,66.17491556109752,1,Urgent (Immediate Charging)
23,1.6478234891252015,49.83823893887459,3,Urgent (Immediate Charging)
0,0.5600308824381494,50.65984701352952,0,Urgent (Immediate Charging)
1,3.500201170135869,6.885479431723564,2,Urgent (Immediate Charging)
2,0.5433591266631455,64.76361325790924,0,Urgent (Immediate Charging)
3,3.6744100257396752,55.420912210556,2,Urgent (Immediate Charging)
4,4.615782239309852,37.77161458127733,2,Flexible (Can Extend Charging)
5,0.7388318908606428,44.06555274761643,0,Urgent (Immediate Charging)
6,2.718104326803347,76.70996422567768,1,Urgent (Immediate Charging)
7,0.9500538452594568,6.521023617093562,3,Urgent (Immediate Charging)
8,2.9097072695904576,23.019693837419855,2,Urgent (Immediate Charging)
9,2.9247352724992024,62.3191755518106,1,Urgent (Immediate Charging)
10,1.7249913300016642,64.52243106916856,0,Urgent (Immediate Charging)
11,3.5264988700635578,52.99672888359278,1,Urgent (Immediate Charging)
12,0.0953144165458864,74.73938753754207,0,Urgent (Immediate Charging)
13,3.7065221875647,17.890527690443513,2,Urgent (Immediate Charging)
14,2.414714251795192,18.848843442027324,3,Urgent (Immediate Charging)
15,1.8775223705101527,58.37615445163145,1,Urgent (Immediate Charging)
16,2.1704717138663234,57.819430587681474,1,Urgent (Immediate Charging)
17,1.38201984923984,13.3246110441358,3,Urgent (Immediate Charging)
18,2.240834005432468,14.503455142567915,3,Urgent (Immediate Charging)
19,1.9720670095491293,26.34468459019388,3,Urgent (Immediate Charging)
20,3.4731728239963258,50.596951312425645,1,Urgent (Immediate Charging)
22,3.5254454687342496,103.81260559148436,1,Urgent (Immediate Charging)
23,0.5515336215146602,70.39888221837178,3,Urgent (Immediate Charging)
0,1.4091282763590154,77.17272373807074,0,Urgent (Immediate Charging)
1,0.5552103642000609,62.19283345936647,0,Urgent (Immediate Charging)
2,2.886555302238684,71.91146876524706,0,Urgent (Immediate Charging)
3,0.9198467271186718,79.97807283663732,0,Urgent (Immediate Charging)
4,1.8364567962319551,5.775919735452496,2,Urgent (Immediate Charging)
5,0.513006350951944,53.81020176075347,0,Urgent (Immediate Charging)
6,2.3650578770652744,38.66237698854864,2,Urgent (Immediate Charging)
7,2.391852378811275,56.69330149715174,0,Urgent (Immediate Charging)
8,2.517973871979124,40.161421851143096,2,Urgent (Immediate Charging)
9,0.9297646566647816,42.51736091943514,0,Urgent (Immediate Charging)
10,1.8733968578439004,29.29844560325747,3,Urgent (Immediate Charging)
11,0.5046012170071925,67.22515101988213,0,Urgent (Immediate Charging)
13,3.77490932141669,76.71844669022504,1,Urgent (Immediate Charging)
14,2.4969601810931428,60.96907588597162,1,Urgent (Immediate Charging)
15,2.311636670944888,48.32460775397477,1,Urgent (Immediate Charging)
16,1.1606546727693638,65.54082473190631,0,Urgent (Immediate Charging)
17,0.5546371779020524,68.74906948767578,0,Urgent (Immediate Charging)
18,1.8145610590347336,67.43740257394747,1,Urgent (Immediate Charging)
19,1.4282962338251743,10.450657832354688,3,Urgent (Immediate Charging)
20,1.0378600717476725,30.80566200277668,3,Urgent (Immediate Charging)
21,2.477935464885133,62.09565922628094,1,Urgent (Immediate Charging)
22,2.113671385265924,28.864060959229157,3,Urgent (Immediate Charging)
23,2.4863752525971208,33.370542026215475,3,Urgent (Immediate Charging)
0,1.7540479473185384,73.09045077014305,0,Urgent (Immediate Charging)
1,3.548983525567543,26.992344080966543,2,Urgent (Immediate Charging)
2,3.2909626809163703,6.9381938340043,2,Urgent (Immediate Charging)
3,2.012292994982237,42.29018026674148,0,Urgent (Immediate Charging)
4,1.6434822524313395,30.036118378192803,0,Urgent (Immediate Charging)
5,1.2425644202586024,10.386093782293678,2,Urgent (Immediate Charging)
6,2.872161730269349,45.71947918248383,2,Urgent (Immediate Charging)
7,2.0078608677549403,24.59962969556764,2,Urgent (Immediate Charging)
8,3.2840921871772863,23.1470476755872,2,Urgent (Immediate Charging)
9,0.5628169402063448,52.71641215020086,0,Urgent (Immediate Charging)
11,1.6319957436277532,68.25299905062542,0,Urgent (Immediate Charging)
12,0.8288732839363397,56.42022999086558,0,Urgent (Immediate Charging)
13,1.5469560347093554,52.90446366869147,0,Urgent (Immediate Charging)
14,2.2913223910351843,28.1635456086215,3,Urgent (Immediate Charging)
15,1.5712045852380068,1.356731546885289,3,Urgent (Immediate Charging)
16,3.779533948292503,8.93042648458991,2,Urgent (Immediate Charging)
17,1.37679715607362,55.78297746472087,3,Urgent (Immediate Charging)
18,1.809282615508712,16.67359945711931,3,Urgent (Immediate Charging)
19,1.7614413222294734,13.280712325754468,3,Urgent (Immediate Charging)
20,0.7499042038041743,7.668660934509698,3,Urgent (Immediate Charging)
22,3.6367947005783794,64.94285706525936,1,Urgent (Immediate Charging)
23,3.399748992504942,70.06077676219795,1,Urgent (Immediate Charging)
1,1.6657565361852955,46.55965371578422,0,Urgent (Immediate Charging)
2,1.8867705056862327,54.88401335852117,0,Urgent (Immediate Charging)
3,6.176416559677362,13.726133739305284,2,Flexible (Can Extend Charging)
4,2.8291553779805483,74.2197558575455,1,Urgent (Immediate Charging)
5,1.536944425840643,20.581387676280656,2,Urgent (Immediate Charging)
6,1.645779959820823,36.047577386304056,0,Urgent (Immediate Charging)
7,1.96195761837512,31.73575031358406,2,Urgent (Immediate Charging)
8,3.970999800756029,64.5382469650896,1,Urgent (Immediate Charging)
9,2.534327206990629,41.5686202547537,2,Urgent (Immediate Charging)
10,3.14574570749033,34.375669740166174,2,Urgent (Immediate Charging)
11,2.8544938427036954,12.118093232455848,2,Urgent (Immediate Charging)
12,3.649578321999032,48.27254828512783,1,Urgent (Immediate Charging)
13,0.9580223408018254,26.4021039498391,3,Urgent (Immediate Charging)
14,2.231225791454563,54.62699762686274,1,Urgent (Immediate Charging)
15,1.0662067473464614,69.44996147928137,0,Urgent (Immediate Charging)
16,2.5014630992521187,66.18914418092677,1,Urgent (Immediate Charging)
17,0.7991338052061846,13.66384250802366,3,Urgent (Immediate Charging)
18,3.674137370718397,31.810223412630616,1,Urgent (Immediate Charging)
19,2.895348986072257,79.46231190835228,1,Urgent (Immediate Charging)
20,1.3179175040508335,26.615202038752912,3,Urgent (Immediate Charging)
22,1.4631090941590412,64.40334432867209,3,Urgent (Immediate Charging)
23,3.3058021698282234,41.58671280364108,1,Urgent (Immediate Charging)
0,2.515123737213468,76.4481598100646,0,Urgent (Immediate Charging)
1,1.8496720908513216,19.89879895108544,2,Urgent (Immediate Charging)
2,3.775303416191173,25.1008625389698,2,Urgent (Immediate Charging)
3,1.109637723285248,27.04710323077237,0,Urgent (Immediate Charging)
4,2.9714279747215,30.184684241437047,2,Urgent (Immediate Charging)
5,3.3924522509710866,15.342120681093242,2,Urgent (Immediate Charging)
6,3.0235736375596303,45.34396447469323,2,Urgent (Immediate Charging)
7,3.030396835550412,60.26038300407493,1,Urgent (Immediate Charging)
8,0.6399514507924429,5.650181738384828,3,Urgent (Immediate Charging)
9,0.7759716069971889,32.491515817951985,0,Urgent (Immediate Charging)
10,2.469784373228879,61.46067458832575,1,Urgent (Immediate Charging)
11,1.0769985933129254,41.57891512365271,0,Urgent (Immediate Charging)
12,1.49511890442402,41.60286682113125,3,Urgent (Immediate Charging)
13,3.9196356376575463,29.697898464844947,2,Urgent (Immediate Charging)
14,0.6821324319309614,72.71574852972469,0,Urgent (Immediate Charging)
15,0.7984037862290121,61.92710360384021,0,Urgent (Immediate Charging)
16,2.3173563103421726,12.666812834895836,3,Urgent (Immediate Charging)
17,3.796562675515384,78.95506101572013,1,Urgent (Immediate Charging)
18,3.7347586678524105,64.98220570964298,1,Urgent (Immediate Charging)
19,1.9047180148348133,37.28701875736325,3,Urgent (Immediate Charging)
20,2.0228182434483357,72.09484050132289,1,Urgent (Immediate Charging)
21,0.8762452298830018,65.75133335346975,3,Urgent (Immediate Charging)
22,2.1935147260171712,42.86561113214803,3,Urgent (Immediate Charging)
23,2.4550069759789315,33.39817875530706,3,Urgent (Immediate Charging)
0,2.8093466210082094,46.5117702649118,2,Urgent (Immediate Charging)
1,3.5910798729146616,74.54048485931233,1,Urgent (Immediate Charging)
2,0.9481929847390816,53.83827205577136,0,Urgent (Immediate Charging)
3,1.3835663186345084,42.46618717006869,0,Urgent (Immediate Charging)
5,3.007714521664014,76.49931986653537,1,Urgent (Immediate Charging)
6,2.4596015464435803,5.614874084822165,2,Urgent (Immediate Charging)
7,1.3772959301454932,26.46822315749027,0,Urgent (Immediate Charging)
8,1.4944755247188948,6.8738855284034415,2,Urgent (Immediate Charging)
9,1.2655236873891065,21.580915527008145,3,Urgent (Immediate Charging)
10,3.27187747187611,7.569584209512826,2,Urgent (Immediate Charging)
11,0.6749395027714313,49.5455465707554,0,Urgent (Immediate Charging)
12,1.6078485256928945,72.83010773877143,0,Urgent (Immediate Charging)
13,0.8234738515861253,71.12558827151543,0,Urgent (Immediate Charging)
14,0.6973236695169336,36.2444170838149,3,Urgent (Immediate Charging)
15,3.4305145067046974,53.39924325525044,1,Urgent (Immediate Charging)
16,0.5810295603537152,5.746444809429853,3,Urgent (Immediate Charging)
17,3.070307175368709,9.737039612310449,3,Urgent (Immediate Charging)
18,1.645409808093363,39.46218311483076,3,Urgent (Immediate Charging)
19,2.4586525201777665,63.83060874636528,1,Urgent (Immediate Charging)
20,3.757952843891181,72.94802476319454,1,Urgent (Immediate Charging)
21,3.468062457867462,21.097847217832147,3,Urgent (Immediate Charging)
22,2.4717227683053737,58.7914423257815,1,Urgent (Immediate Charging)
23,2.408337111546665,65.18392768549774,1,Urgent (Immediate Charging)
0,0.3599172409276058,72.54995630814713,0,Urgent (Immediate Charging)
1,3.3415037801842224,57.55690005797869,2,Urgent (Immediate Charging)
2,3.043865243332828,67.41433642306683,0,Urgent (Immediate Charging)
3,2.84441668585701,21.030519654584147,2,Urgent (Immediate Charging)
4,1.7717153171269555,16.47214029543078,2,Urgent (Immediate Charging)
5,2.400157460171667,78.30687812670662,0,Urgent (Immediate Charging)
6,3.9114147215836215,38.59965910016511,2,Urgent (Immediate Charging)
7,1.0655562561532388,26.566509231569366,0,Urgent (Immediate Charging)
8,2.64563739765335,23.02231536206597,2,Urgent (Immediate Charging)
9,1.1777169888307482,62.04960065177048,0,Urgent (Immediate Charging)
10,2.6494030406185662,58.09105214274015,1,Urgent (Immediate Charging)
11,0.8335445839843811,63.29716818793051,0,Urgent (Immediate Charging)
12,1.8634359746913332,21.002230102472843,3,Urgent (Immediate Charging)
13,2.005413957626917,36.3229254401527,3,Urgent (Immediate Charging)
14,3.919259958790604,65.45087828663634,1,Urgent (Immediate Charging)
15,2.219335715828513,46.92333914698138,3,Urgent (Immediate Charging)
16,1.4642780697619835,45.355066305111706,3,Urgent (Immediate Charging)
17,1.3547156561578209,44.72944867558798,3,Urgent (Immediate Charging)
18,3.1047758548325763,57.859669994397166,1,Urgent (Immediate Charging)
19,2.5747030476463624,25.892596490424456,3,Urgent (Immediate Charging)
20,2.155199155869485,65.89861180142826,1,Urgent (Immediate Charging)
21,0.8520497980881836,34.80201788379793,3,Urgent (Immediate Charging)
22,3.9854596060069554,18.869451407961307,3,Urgent (Immediate Charging)
23,1.8165242448030536,77.34671417127635,1,Urgent (Immediate Charging)
0,2.64898293412186,31.73110320047439,2,Urgent (Immediate Charging)
1,3.4909127560735143,41.27067550637497,2,Urgent (Immediate Charging)
2,1.020998813824791,41.95057477332522,0,Urgent (Immediate Charging)
3,0.851404001814604,46.412062022825936,0,Urgent (Immediate Charging)
4,2.688747405717744,21.409576368254196,2,Urgent (Immediate Charging)
5,1.2462496848105056,54.99600399457137,0,Urgent (Immediate Charging)
6,2.1044905591572047,7.739028453603041,2,Urgent (Immediate Charging)
7,3.621537943128784,11.48343148800489,2,Urgent (Immediate Charging)
8,2.399707257559314,39.469966222866766,2,Urgent (Immediate Charging)
9,2.1747180096332643,27.61163115157696,2,Urgent (Immediate Charging)
10,3.308464005125461,15.254170728009932,2,Urgent (Immediate Charging)
11,1.7125795757007114,45.06853330402873,0,Urgent (Immediate Charging)
12,1.5201044618026391,10.155212817693824,3,Urgent (Immediate Charging)
13,3.4786292848725786,54.99770543084315,1,Urgent (Immediate Charging)
14,3.233908961731549,64.87047474097292,1,Urgent (Immediate Charging)
15,1.899860256838659,25.13233553126914,3,Urgent (Immediate Charging)
16,3.400121467770743,14.462719261155256,2,Urgent (Immediate Charging)
17,2.448882988088648,79.41814361458415,1,Urgent (Immediate Charging)
18,2.3443707303892207,44.41845305466813,3,Urgent (Immediate Charging)
19,2.686048358029112,74.02042766018057,1,Urgent (Immediate Charging)
20,2.2555252746725967,36.50542214391232,3,Urgent (Immediate Charging)
21,3.869592051198957,39.0670867855152,1,Urgent (Immediate Charging)
22,0.780726977348041,63.79396886506549,3,Urgent (Immediate Charging)
23,0.8496021129916236,67.45124177150385,3,Urgent (Immediate Charging)
0,3.002854685668635,56.888515995947614,2,Urgent (Immediate Charging)
1,1.9892515706143985,21.819378736342376,2,Urgent (Immediate Charging)
2,1.666889947193717,47.01289216755188,0,Urgent (Immediate Charging)
3,3.512410977008963,73.61974524719619,1,Urgent (Immediate Charging)
5,2.5369563233262555,41.943586371262185,2,Urgent (Immediate Charging)
6,2.5098001501468183,37.1629261473043,2,Urgent (Immediate Charging)
7,3.1763189433023564,34.66100210237426,2,Urgent (Immediate Charging)
9,2.8843947056540618,8.891155819549416,2,Urgent (Immediate Charging)
10,3.713389685661965,29.379323254386147,2,Urgent (Immediate Charging)
11,0.4764888584944907,6.538370226754212,3,Urgent (Immediate Charging)
12,1.6374716334225594,70.38996843882086,0,Urgent (Immediate Charging)
13,3.2688994137050384,16.080974332847084,2,Urgent (Immediate Charging)
14,1.5006720163824252,7.557567403210105,3,Urgent (Immediate Charging)
15,0.7272326804294439,15.807797227472452,3,Urgent (Immediate Charging)
16,2.96901443494091,60.12372287224216,1,Urgent (Immediate Charging)
17,1.2230618926040728,67.93942571536539,0,Urgent (Immediate Charging)
18,2.9342655260543493,70.04034616527528,1,Urgent (Immediate Charging)
19,0.6207460883241752,68.55546011969274,3,Urgent (Immediate Charging)
20,1.591615524315486,36.56579373074047,3,Urgent (Immediate Charging)
21,0.9197906435013752,20.45364201596675,3,Urgent (Immediate Charging)
22,2.3680969327218278,9.716946683936513,3,Urgent (Immediate Charging)
23,0.6743009901303187,61.68434321639767,3,Urgent (Immediate Charging)
0,0.9772797884793448,28.578878080059383,0,Urgent (Immediate Charging)
1,3.8985181427387463,21.13404477845307,2,Urgent (Immediate Charging)
2,0.8976082931589286,46.76604426109744,0,Urgent (Immediate Charging)
3,2.715262624903961,17.759774553770676,2,Urgent (Immediate Charging)
4,2.714307815753389,79.39006382394219,0,Urgent (Immediate Charging)
5,3.724054728769408,21.069157575738828,2,Urgent (Immediate Charging)
6,2.052873698794108,19.402523927112213,2,Urgent (Immediate Charging)
8,1.587339770691813,44.87005617634201,0,Urgent (Immediate Charging)
9,3.413165992217541,46.21171801338653,2,Urgent (Immediate Charging)
11,2.1878805730584854,57.03840397041998,0,Urgent (Immediate Charging)
12,3.26383961973176,32.93955896020962,2,Urgent (Immediate Charging)
13,1.328228592217343,63.023554629150055,0,Urgent (Immediate Charging)
14,2.661667835438844,33.013974817380586,3,Urgent (Immediate Charging)
15,1.2554286884558712,56.61749580017371,0,Urgent (Immediate Charging)
16,0.6265343118945121,53.17397382318082,3,Urgent (Immediate Charging)
17,3.860721725152656,51.87067063305462,1,Urgent (Immediate Charging)
18,2.4726580495940502,64.30797977990255,1,Urgent (Immediate Charging)
19,2.459856158969858,4.288320356345183,3,Urgent (Immediate Charging)
20,2.014009927511727,56.72762317734674,3,Urgent (Immediate Charging)
21,0.8939407757793052,44.90995546867643,3,Urgent (Immediate Charging)
22,2.1645209340146323,13.876557599494063,3,Urgent (Immediate Charging)
23,1.4113755476385768,39.37124122897048,3,Urgent (Immediate Charging)
0,3.0422495619992893,11.75852247006084,2,Urgent (Immediate Charging)
1,2.4015061649972056,49.8977884122396,0,Urgent (Immediate Charging)
2,1.2268943338915914,64.60983161155823,0,Urgent (Immediate Charging)
3,3.4204799604552063,12.594888574055725,2,Urgent (Immediate Charging)
4,1.0268928464258762,65.5974266945568,0,Urgent (Immediate Charging)
5,1.6524584369903064,8.11244782892836,2,Urgent (Immediate Charging)
6,2.967570122040841,48.9611152601949,2,Urgent (Immediate Charging)
7,2.52093306902836,34.38288065090023,2,Urgent (Immediate Charging)
8,1.0389579659710988,52.55689588098792,0,Urgent (Immediate Charging)
9,1.3158292480171974,37.23027566973339,0,Urgent (Immediate Charging)
10,1.835515716682636,54.78487940320012,0,Urgent (Immediate Charging)
11,2.3535244577998764,37.42669941100735,2,Urgent (Immediate Charging)
12,0.851949340305673,28.079314202327826,3,Urgent (Immediate Charging)
13,1.446464436407853,79.78776885692933,0,Urgent (Immediate Charging)
14,1.7472795766236338,75.62248861139022,1,Urgent (Immediate Charging)
15,3.589270673368264,48.57848684629363,1,Urgent (Immediate Charging)
16,1.7538457751294445,60.63745352964948,1,Urgent (Immediate Charging)
17,2.5875618711459563,66.85109294209524,1,Urgent (Immediate Charging)
18,3.9146817966881247,32.34799932603372,1,Urgent (Immediate Charging)
20,3.9208613012288422,67.70594563751288,1,Urgent (Immediate Charging)
21,2.0002674427255034,8.383690895109462,3,Urgent (Immediate Charging)
22,1.812472507313064,60.939817877399975,3,Urgent (Immediate Charging)
1,0.8071934731868609,7.603711413792093,0,Urgent (Immediate Charging)
2,2.4841473226113617,70.536636587169,0,Urgent (Immediate Charging)
3,2.896990677126205,73.31591786048328,0,Urgent (Immediate Charging)
4,2.923176577184032,62.86785794966232,0,Urgent (Immediate Charging)
5,1.7662988795206973,14.355208491625932,2,Urgent (Immediate Charging)
6,1.8798623119420803,74.7896950755514,0,Urgent (Immediate Charging)
7,1.7321354425638893,41.98075323406805,0,Urgent (Immediate Charging)
8,2.985954969992374,66.82312116249,1,Urgent (Immediate Charging)
9,3.3301281116830976,47.18840893514874,2,Urgent (Immediate Charging)
10,2.153857223588153,46.29599734888577,0,Urgent (Immediate Charging)
11,2.9383941173028547,37.10851773104313,2,Urgent (Immediate Charging)
12,1.057536323648838,71.97510217973728,0,Urgent (Immediate Charging)
14,2.0188481899147668,45.134038075505366,3,Urgent (Immediate Charging)
15,2.1458063544955026,23.92092196826273,3,Urgent (Immediate Charging)
16,2.7497394121507943,40.63092350376829,1,Urgent (Immediate Charging)
17,3.1544865399763964,75.40700953728192,1,Urgent (Immediate Charging)
19,0.7047543150612254,36.490277883670345,3,Urgent (Immediate Charging)
20,2.8112366498993966,67.56014288077881,1,Urgent (Immediate Charging)
21,3.265989573804946,52.57470179430345,1,Urgent (Immediate Charging)
22,2.6937194091618064,28.279857147188363,3,Urgent (Immediate Charging)
23,1.1539207497704678,28.86912479595657,3,Urgent (Immediate Charging)
0,3.537873194776532,13.116998507416143,2,Urgent (Immediate Charging)
1,0.7348796153422308,21.4227595329351,0,Urgent (Immediate Charging)
2,3.952704737753913,45.11780647869832,2,Urgent (Immediate Charging)
3,1.778820810872269,26.29222408241131,2,Urgent (Immediate Charging)
4,0.7835521249094246,51.63684234428119,0,Urgent (Immediate Charging)
5,1.0358587667958,44.81719081526413,0,Urgent (Immediate Charging)
6,2.536249341680839,19.362005744810176,2,Urgent (Immediate Charging)
7,2.253027295813109,55.39579143864877,0,Urgent (Immediate Charging)
8,1.2691575992195072,22.016443610220865,0,Urgent (Immediate Charging)
9,0.7992102307305,67.38186056016852,0,Urgent (Immediate Charging)
10,2.710437199046852,68.23834404896303,1,Urgent (Immediate Charging)
11,1.2341548025396727,67.13334039157891,0,Urgent (Immediate Charging)
12,3.1653954182663813,42.91893733882982,1,Urgent (Immediate Charging)
14,1.4716437603646677,35.327332248586075,3,Urgent (Immediate Charging)
15,1.589218757649078,74.51050318325304,1,Urgent (Immediate Charging)
17,2.0155172553936804,49.73870005239731,3,Urgent (Immediate Charging)
18,1.8443738513652728,23.52224181213657,3,Urgent (Immediate Charging)
19,1.5923756223747267,44.95337165292389,3,Urgent (Immediate Charging)
20,1.8952201719593704,66.70523645325736,1,Urgent (Immediate Charging)
21,2.714331888364399,44.06215479055562,3,Urgent (Immediate Charging)
22,2.276768301061686,14.0255330182289,3,Urgent (Immediate Charging)
23,2.0100101346312087,21.76458667261335,3,Urgent (Immediate Charging)
0,6.49400704276254,16.554623964548597,2,Flexible (Can Extend Charging)
1,0.7877986428506285,15.474096088332848,0,Urgent (Immediate Charging)
2,1.1812191146524962,43.51234710063929,0,Urgent (Immediate Charging)
3,1.369419618363992,38.5981394103895,0,Urgent (Immediate Charging)
4,2.400914068190405,45.07891731764474,0,Urgent (Immediate Charging)
5,2.746555880784028,58.77314551651613,0,Urgent (Immediate Charging)
6,1.9651245325256728,65.539397780162,0,Urgent (Immediate Charging)
7,2.604326202856168,79.21399696256503,1,Urgent (Immediate Charging)
8,1.110562981668299,62.91943734898983,0,Urgent (Immediate Charging)
9,2.065520389554198,18.39971040043272,2,Urgent (Immediate Charging)
10,3.410300606205229,47.49230024226053,1,Urgent (Immediate Charging)
11,3.1162253455849,21.47142841095029,2,Urgent (Immediate Charging)
12,3.3833368265812283,21.86794779138668,2,Urgent (Immediate Charging)
13,2.7832118665409835,78.23764802345093,1,Urgent (Immediate Charging)
14,3.433463839618764,79.75044564145941,1,Urgent (Immediate Charging)
15,2.7694854642977385,66.89909636313753,1,Urgent (Immediate Charging)
16,1.3211779345219874,68.06928828300951,0,Urgent (Immediate Charging)
17,1.0397449093656566,40.05179662487088,3,Urgent (Immediate Charging)
18,2.875962347601015,77.6778219726915,1,Urgent (Immediate Charging)
19,1.2969834264391895,38.36041212940863,3,Urgent (Immediate Charging)
20,0.9414062476062164,6.337534264521747,3,Urgent (Immediate Charging)
21,2.891860216001961,6.978771350415376,3,Urgent (Immediate Charging)
22,3.7469924581485192,30.549130796547445,1,Urgent (Immediate Charging)
23,2.500035280187061,62.42036136933443,1,Urgent (Immediate Charging)
0,3.4129161973536832,34.79315986001264,2,Urgent (Immediate Charging)
1,1.0203811604697437,58.45788451376784,0,Urgent (Immediate Charging)
2,3.627355006363455,50.16265770416625,2,Urgent (Immediate Charging)
3,3.7243685191469313,76.06503880500838,1,Urgent (Immediate Charging)
4,1.84505065646182,51.21630472206044,0,Urgent (Immediate Charging)
5,3.94461419790277,39.67713381108,2,Urgent (Immediate Charging)
6,1.5334868966903243,68.2690209195155,0,Urgent (Immediate Charging)
7,2.8343933534187222,30.550011561630846,2,Urgent (Immediate Charging)
8,3.489771200380064,44.75866737764865,2,Urgent (Immediate Charging)
9,2.866837148550388,59.15730847009105,1,Urgent (Immediate Charging)
10,2.569753498142236,57.14555997083127,1,Urgent (Immediate Charging)
12,2.85364923342141,23.83688010187143,2,Urgent (Immediate Charging)
13,2.5597015729885912,29.349595038889557,2,Urgent (Immediate Charging)
14,2.4455488373877685,47.060925633313786,1,Urgent (Immediate Charging)
15,3.3209390614009493,27.1701708128166,2,Urgent (Immediate Charging)
16,3.791622315899987,48.94232025145676,1,Urgent (Immediate Charging)
17,2.8041515802310166,19.146538928197334,3,Urgent (Immediate Charging)
18,1.7620474180588634,58.19728526882489,3,Urgent (Immediate Charging)
19,2.952728388415329,65.20093720294392,1,Urgent (Immediate Charging)
20,1.7809541535098248,51.14211521001526,3,Urgent (Immediate Charging)
21,3.783098445775636,69.71594630744188,1,Urgent (Immediate Charging)
22,3.196445552138501,41.97718283907795,1,Urgent (Immediate Charging)
23,1.9373668689894512,69.42235104080157,1,Urgent (Immediate Charging)
0,2.904071458775645,78.98357945200523,0,Urgent (Immediate Charging)
1,2.9292312619958487,8.527929006106092,2,Urgent (Immediate Charging)
2,1.7409047219251486,54.860003290031365,0,Urgent (Immediate Charging)
3,3.2569565894463173,48.50288659256919,2,Urgent (Immediate Charging)
4,0.7500343405308991,52.53257448488719,0,Urgent (Immediate Charging)
5,2.957746789429136,45.47118879513778,2,Urgent (Immediate Charging)
6,1.4975626824084889,34.6802647525039,0,Urgent (Immediate Charging)
7,3.001369048238973,5.356309335174382,2,Urgent (Immediate Charging)
8,0.9998347402393436,27.28221643798108,0,Urgent (Immediate Charging)
9,2.460808920693919,11.514718098963709,2,Urgent (Immediate Charging)
10,1.465804515944262,9.44816711008226,3,Urgent (Immediate Charging)
11,1.8580966641953,53.104493654248735,0,Urgent (Immediate Charging)
12,3.191827856187692,28.788056755331933,2,Urgent (Immediate Charging)
13,1.2881060252543053,51.20692408624951,0,Urgent (Immediate Charging)
14,2.6906032551566943,7.275443511373867,2,Urgent (Immediate Charging)
16,2.228619732721868,74.34970162186968,1,Urgent (Immediate Charging)
17,2.967779748643271,79.96222628140413,1,Urgent (Immediate Charging)
18,1.389640351950641,57.23283445266599,3,Urgent (Immediate Charging)
19,3.068545305244945,39.223093374363,1,Urgent (Immediate Charging)
20,1.229348211397581,10.420110802780291,3,Urgent (Immediate Charging)
21,1.551271282498898,47.19744469005413,3,Urgent (Immediate Charging)
22,3.998843750930618,64.450811584597,1,Urgent (Immediate Charging)
23,2.262536220950611,37.84729729719263,3,Urgent (Immediate Charging)
1,0.6201625989999864,79.26318452230387,0,Urgent (Immediate Charging)
2,2.5287380943690696,38.61710108945668,2,Urgent (Immediate Charging)
3,1.478023096097471,24.401133035107133,0,Urgent (Immediate Charging)
4,3.805961295935017,26.179783257937025,2,Urgent (Immediate Charging)
6,3.246572899301348,28.68467333811884,2,Urgent (Immediate Charging)
7,2.9597802593630083,34.72671289756062,2,Urgent (Immediate Charging)
8,0.6132085077161415,56.65756369693637,0,Urgent (Immediate Charging)
9,2.8339269826645257,5.583797770172537,2,Urgent (Immediate Charging)
10,1.6215747563116645,9.669665590124442,3,Urgent (Immediate Charging)
11,1.180162501458162,42.74479256756108,0,Urgent (Immediate Charging)
12,2.280942968456774,58.281853729008496,1,Urgent (Immediate Charging)
13,4.2283057378742,47.88862466678341,1,Flexible (Can Extend Charging)
14,3.990952264160988,10.55815619752912,2,Urgent (Immediate Charging)
15,2.954305533429753,12.12848439962642,2,Urgent (Immediate Charging)
16,0.7087385462007003,45.9092521544369,3,Urgent (Immediate Charging)
17,1.9781475768604837,8.115370261050328,3,Urgent (Immediate Charging)
18,3.944488764646076,9.623141257761764,2,Urgent (Immediate Charging)
19,1.8664816416786207,27.8542104539734,3,Urgent (Immediate Charging)
20,0.6564859609421378,23.2226343840928,3,Urgent (Immediate Charging)
21,3.735302162259872,21.308572550577523,3,Urgent (Immediate Charging)
22,3.010517385146997,77.45749045486116,1,Urgent (Immediate Charging)
23,3.6496256877146847,32.25299063735733,1,Urgent (Immediate Charging)
0,2.9645416277610583,17.929285125178676,2,Urgent (Immediate Charging)
1,0.6842951580787797,77.29578007017075,0,Urgent (Immediate Charging)
2,2.11720414560859,26.493008140946493,2,Urgent (Immediate Charging)
3,2.544566059466172,55.30273056094204,0,Urgent (Immediate Charging)
4,2.1936622255764453,10.192259430922377,2,Urgent (Immediate Charging)
5,1.3061013638644594,62.63400990213397,0,Urgent (Immediate Charging)
6,1.8856890276693925,36.22941276064402,0,Urgent (Immediate Charging)
7,1.4995568792791971,12.350406115320627,2,Urgent (Immediate Charging)
8,2.573551148931767,28.248510232660248,2,Urgent (Immediate Charging)
9,1.901457614097896,53.18988765045248,0,Urgent (Immediate Charging)
10,1.9815097094694272,63.97196694472084,0,Urgent (Immediate Charging)
11,1.756271660885669,48.66355521084799,0,Urgent (Immediate Charging)
12,1.924572535667712,51.16176878981536,0,Urgent (Immediate Charging)
13,3.375570509411532,68.24465321163233,1,Urgent (Immediate Charging)
14,1.0466206565434557,70.3848328268497,0,Urgent (Immediate Charging)
15,2.6210352581150014,56.55292752021,1,Urgent (Immediate Charging)
16,2.7388169441628936,16.827771594461893,3,Urgent (Immediate Charging)
17,3.681183965657999,76.46827351726323,1,Urgent (Immediate Charging)
18,3.597765518900319,6.0651617128073525,2,Urgent (Immediate Charging)
19,1.582369811687995,10.137709442892056,3,Urgent (Immediate Charging)
20,3.111666691610565,62.5376105258264,1,Urgent (Immediate Charging)
22,1.8113551144469375,16.497212038654055,3,Urgent (Immediate Charging)
23,0.9931487332559414,9.127828166953716,3,Urgent (Immediate Charging)
0,3.5579821138737,43.99985930276914,2,Urgent (Immediate Charging)
1,4.592690577362033,41.76664809903056,2,Flexible (Can Extend Charging)
2,2.1336014618088464,6.695332951941997,2,Urgent (Immediate Charging)
3,3.659591613822005,69.4391779041177,1,Urgent (Immediate Charging)
4,2.9675602434122106,38.711207157580986,2,Urgent (Immediate Charging)
5,2.8590803131057148,57.97765788877307,0,Urgent (Immediate Charging)
6,2.2246614839968157,74.107522176834,0,Urgent (Immediate Charging)
7,1.7436069251387414,40.319061981322655,0,Urgent (Immediate Charging)
8,2.861382945524818,47.19807479360746,2,Urgent (Immediate Charging)
9,3.5555598847937864,22.515635144477624,2,Urgent (Immediate Charging)
10,2.4135793179435385,68.26093768441355,1,Urgent (Immediate Charging)
11,1.8359090701214855,73.5059703623024,0,Urgent (Immediate Charging)
12,1.1968001428584762,73.86936259559798,0,Urgent (Immediate Charging)
13,2.3148600166084794,64.37713244013099,1,Urgent (Immediate Charging)
14,0.7529595951441994,12.010095267833266,3,Urgent (Immediate Charging)
15,3.992427387020465,36.226212409732376,1,Urgent (Immediate Charging)
16,3.2937133901037967,28.84698737447133,2,Urgent (Immediate Charging)
17,2.678096541095572,76.58011323732995,1,Urgent (Immediate Charging)
18,2.1863746739496914,74.13419248313946,1,Urgent (Immediate Charging)
19,2.3698694802298887,73.80921664182601,1,Urgent (Immediate Charging)
20,1.7395210907802483,35.02666957024688,3,Urgent (Immediate Charging)
22,1.772447028536855,35.89954921191294,3,Urgent (Immediate Charging)
23,2.1541462302194883,48.330182762063146,3,Urgent (Immediate Charging)
0,1.692367291395563,53.71493232990424,0,Urgent (Immediate Charging)
1,0.7554430886481931,15.5583755009174,0,Urgent (Immediate Charging)
2,2.534525414269769,40.736704801536966,2,Urgent (Immediate Charging)
3,3.616099729122279,11.579770802296697,2,Urgent (Immediate Charging)
4,6.759151680314269,39.67667007009968,2,Flexible (Can Extend Charging)
5,1.5886586191295695,5.755335112421237,2,Urgent (Immediate Charging)
6,1.6095486540281567,54.48656320200461,0,Urgent (Immediate Charging)
7,3.6465830452467833,20.51871405095877,2,Urgent (Immediate Charging)
8,3.517065236537333,13.587964735173609,2,Urgent (Immediate Charging)
9,2.287342908527985,19.97640696261344,2,Urgent (Immediate Charging)
10,3.0226327639717203,73.37136541275711,1,Urgent (Immediate Charging)
11,3.738853500138698,75.62261390550266,1,Urgent (Immediate Charging)
12,1.2220213527532722,15.567795776598764,3,Urgent (Immediate Charging)
13,0.9743935458179288,36.63162352131471,3,Urgent (Immediate Charging)
14,2.7988263253336125,6.307290912653444,2,Urgent (Immediate Charging)
15,2.8801990619921405,52.183521493408925,1,Urgent (Immediate Charging)
17,0.9575211163253374,17.218744475121433,3,Urgent (Immediate Charging)
18,2.8673634929295204,48.14596961410625,1,Urgent (Immediate Charging)
19,1.010506969032026,25.12116466546159,3,Urgent (Immediate Charging)
20,0.835318745254099,67.90283934003946,3,Urgent (Immediate Charging)
21,3.210764372243644,43.254517140810776,1,Urgent (Immediate Charging)
22,1.815045399718526,62.61550758556181,3,Urgent (Immediate Charging)
23,3.1281282303575897,43.825900117321794,1,Urgent (Immediate Charging)
0,1.860443342393109,31.187028992431237,0,Urgent (Immediate Charging)
1,1.398582211214841,74.82644569097782,0,Urgent (Immediate Charging)
3,1.225895512401978,78.89524910756762,0,Urgent (Immediate Charging)
4,1.394747102580713,10.241885891596077,2,Urgent (Immediate Charging)
5,1.996622706047104,5.144893571862889,2,Urgent (Immediate Charging)
6,3.7532164796861327,59.922814416459936,1,Urgent (Immediate Charging)
7,3.4304844579467044,8.353019856414647,2,Urgent (Immediate Charging)
8,0.938436579463628,40.76283311435537,0,Urgent (Immediate Charging)
9,1.4187837431940964,18.89056337329201,3,Urgent (Immediate Charging)
10,2.3427113663379946,42.79819075847415,2,Urgent (Immediate Charging)
11,2.588535180640522,12.814363147239058,2,Urgent (Immediate Charging)
12,1.556936695800068,8.918418777562092,3,Urgent (Immediate Charging)
13,1.4556359151018663,0.1211432950427712,3,Urgent (Immediate Charging)
14,1.9845446319165596,10.9113557932088,3,Urgent (Immediate Charging)
15,3.361128705788364,7.8588683891368705,2,Urgent (Immediate Charging)
16,3.8279458316010713,70.17135459506048,1,Urgent (Immediate Charging)
17,2.734597570509603,15.187432130994928,3,Urgent (Immediate Charging)
18,0.7065366457805022,77.8613161281733,0,Urgent (Immediate Charging)
19,1.228841335073204,37.189293647002586,3,Urgent (Immediate Charging)
20,2.3093277171746265,25.71192392672169,3,Urgent (Immediate Charging)
21,2.010057473078036,9.086246707562893,3,Urgent (Immediate Charging)
22,3.441490897751581,27.00471085893386,3,Urgent (Immediate Charging)
23,4.110062624376016,6.661747206218264,3,Flexible (Can Extend Charging)
0,3.4085422116998423,53.648424429654725,2,Urgent (Immediate Charging)
1,3.3777839989387672,40.65621778280107,2,Urgent (Immediate Charging)
2,1.2026073220933535,71.16250433532748,0,Urgent (Immediate Charging)
3,1.0610271583729003,16.111111317085957,0,Urgent (Immediate Charging)
4,2.2832964460179275,58.91061762118734,0,Urgent (Immediate Charging)
5,3.1355357024066897,8.75167001874184,2,Urgent (Immediate Charging)
6,1.388571419069791,31.888072339650037,0,Urgent (Immediate Charging)
7,0.5304193228924319,64.04377270020223,0,Urgent (Immediate Charging)
8,2.4921117691874235,56.0452902589365,0,Urgent (Immediate Charging)
9,2.3463206135297314,10.317872226345198,2,Urgent (Immediate Charging)
10,3.6753647417642448,72.79850067918807,1,Urgent (Immediate Charging)
11,1.945335136351206,67.88757428323595,0,Urgent (Immediate Charging)
12,2.82761116595746,41.24835865229704,2,Urgent (Immediate Charging)
13,0.9186724236081418,35.024111186545994,3,Urgent (Immediate Charging)
14,2.0404564639583023,54.91320565679101,1,Urgent (Immediate Charging)
15,3.034842753846944,51.02335300165405,1,Urgent (Immediate Charging)
16,0.6688544309778959,62.63359253447133,0,Urgent (Immediate Charging)
18,2.3234458987794024,42.222770261485735,3,Urgent (Immediate Charging)
19,2.0783051276167948,60.08034819074353,1,Urgent (Immediate Charging)
20,4.146497950188242,47.20021555132315,1,Flexible (Can Extend Charging)
21,2.339015100635245,58.55989952016146,1,Urgent (Immediate Charging)
22,2.336419694967444,18.529060697578466,3,Urgent (Immediate Charging)
23,1.826933687468276,20.026313858630445,3,Urgent (Immediate Charging)
0,0.8631229860137307,61.12076151907815,0,Urgent (Immediate Charging)
1,2.6912705186964616,47.99575165649026,2,Urgent (Immediate Charging)
2,3.0724875340310067,60.70480470905676,0,Urgent (Immediate Charging)
3,0.5841349456705043,35.84392988591518,0,Urgent (Immediate Charging)
4,2.937547731631452,77.26132089921293,1,Urgent (Immediate Charging)
5,1.6791984280701115,44.87557340248862,0,Urgent (Immediate Charging)
6,3.710275407997624,61.56734925121615,1,Urgent (Immediate Charging)
7,3.820788493955309,24.797064059890324,2,Urgent (Immediate Charging)
8,5.945571287540004,73.07614589143651,1,Flexible (Can Extend Charging)
9,1.705544571305777,6.535781252164842,2,Urgent (Immediate Charging)
10,2.96014748988195,22.572882450288343,2,Urgent (Immediate Charging)
11,3.003171547287772,56.51645587863174,1,Urgent (Immediate Charging)
13,2.272736336714355,76.44990710737748,1,Urgent (Immediate Charging)
14,3.911579304355655,51.492346382026085,1,Urgent (Immediate Charging)
15,1.27970949093876,55.78259572680235,3,Urgent (Immediate Charging)
16,5.211612226181517,67.77665979862479,1,Flexible (Can Extend Charging)
17,1.6833729720021182,37.05562159282365,3,Urgent (Immediate Charging)
18,2.7769424258428383,40.271295219742754,3,Urgent (Immediate Charging)
19,0.640695419402568,44.76974192287614,3,Urgent (Immediate Charging)
20,1.8886282402986057,38.2137648106408,3,Urgent (Immediate Charging)
21,2.426058377025857,65.12042574597822,1,Urgent (Immediate Charging)
22,3.4456218108047656,64.0000211656222,1,Urgent (Immediate Charging)
23,1.0123391282300591,5.01388964715821,3,Urgent (Immediate Charging)
0,1.436500394823773,49.9789258332708,0,Urgent (Immediate Charging)
2,1.5045108692821951,74.93688348332599,0,Urgent (Immediate Charging)
3,1.4415487593554557,40.257196883863706,0,Urgent (Immediate Charging)
4,1.4470566363634036,51.20288962549678,0,Urgent (Immediate Charging)
5,3.036137884500907,54.884964513779416,2,Urgent (Immediate Charging)
6,3.7607004619470383,50.61599542846814,2,Urgent (Immediate Charging)
7,1.6789749892738182,55.655332785147046,0,Urgent (Immediate Charging)
8,2.516886532810073,48.75767260331637,0,Urgent (Immediate Charging)
9,2.917826685071239,72.95818104852783,1,Urgent (Immediate Charging)
10,2.5722250771422086,58.11274413766781,1,Urgent (Immediate Charging)
11,2.296980267769662,56.52037667500273,1,Urgent (Immediate Charging)
13,0.7713119842754502,28.780491407276823,3,Urgent (Immediate Charging)
14,1.967714478740673,9.04773210705438,3,Urgent (Immediate Charging)
15,0.9497561025934448,51.08539266561558,3,Urgent (Immediate Charging)
16,2.0123601409406984,36.26259614170952,3,Urgent (Immediate Charging)
17,3.308261928438673,77.45420995738992,1,Urgent (Immediate Charging)
18,0.8864503813605564,68.21934425725472,3,Urgent (Immediate Charging)
19,2.8795712052808087,57.67538255763964,1,Urgent (Immediate Charging)
20,2.4504515660490878,20.17078858180017,3,Urgent (Immediate Charging)
21,2.1284750020420256,78.16770975170616,1,Urgent (Immediate Charging)
22,3.44323713106448,76.95348907902107,1,Urgent (Immediate Charging)
23,2.0733241040849606,62.74942109140281,1,Urgent (Immediate Charging)
0,1.5496956696697346,47.63041181980813,0,Urgent (Immediate Charging)
1,1.3552852998469738,51.737131530843484,0,Urgent (Immediate Charging)
2,3.741115940973061,41.88651470928026,2,Urgent (Immediate Charging)
3,1.6557431785415109,71.95569072472664,0,Urgent (Immediate Charging)
4,2.7059188482942824,39.93276466234457,2,Urgent (Immediate Charging)
5,1.0137325257252732,30.576281983940227,0,Urgent (Immediate Charging)
6,1.3757248751243405,73.60654260034698,0,Urgent (Immediate Charging)
7,0.936721070866911,14.10985781803456,0,Urgent (Immediate Charging)
8,2.4309666340833225,38.957609713355055,2,Urgent (Immediate Charging)
9,2.1941605658613272,60.71815399652918,0,Urgent (Immediate Charging)
10,3.89478023656482,79.2780822184147,1,Urgent (Immediate Charging)
11,1.7947550160654286,30.27520935029439,3,Urgent (Immediate Charging)
13,2.7450650696414844,50.92256838738107,1,Urgent (Immediate Charging)
14,2.201157760691302,58.92443565485458,1,Urgent (Immediate Charging)
15,5.67378871319114,6.268235994227531,2,Flexible (Can Extend Charging)
16,0.7499796988190511,13.089183211513587,3,Urgent (Immediate Charging)
17,0.9938422875012384,31.102261453118967,3,Urgent (Immediate Charging)
19,1.4021806040177809,27.694411449808683,3,Urgent (Immediate Charging)
20,2.2287292590734094,50.51448558506964,3,Urgent (Immediate Charging)
21,1.4997710475131931,20.84637781774533,3,Urgent (Immediate Charging)
22,0.9138336150419216,45.61965970987572,3,Urgent (Immediate Charging)
23,1.4029154025306867,39.6867657804195,3,Urgent (Immediate Charging)
0,3.061664696545612,6.818019426679227,2,Urgent (Immediate Charging)
1,2.285793895197182,55.17152825512059,0,Urgent (Immediate Charging)
2,0.7102980502795601,152.23875799921288,0,Urgent (Immediate Charging)
3,1.853153432143082,60.28854286251064,0,Urgent (Immediate Charging)
4,0.8639844960966747,16.376371083048106,0,Urgent (Immediate Charging)
5,3.4417237794551143,37.610115032737085,2,Urgent (Immediate Charging)
6,2.83023631240392,38.00957724097448,2,Urgent (Immediate Charging)
7,1.8541792518952216,51.89127939896392,0,Urgent (Immediate Charging)
8,1.6137816723307057,9.889982502961283,2,Urgent (Immediate Charging)
9,0.9623444060505908,73.62743176033132,0,Urgent (Immediate Charging)
10,3.7142891016254302,10.336644191193582,2,Urgent (Immediate Charging)
11,1.2571513955819476,69.10595990230438,0,Urgent (Immediate Charging)
12,6.7730953274048815,18.30737391871987,2,Flexible (Can Extend Charging)
13,2.60786075221863,41.74488149336455,1,Urgent (Immediate Charging)
15,1.3156156867258408,39.152310092112536,3,Urgent (Immediate Charging)
16,0.563718560861195,37.1185672622842,3,Urgent (Immediate Charging)
17,2.1133442993961395,35.34544122101473,3,Urgent (Immediate Charging)
18,2.756993573439943,18.034377951520995,3,Urgent (Immediate Charging)
20,2.505972271289247,45.6603131979625,3,Urgent (Immediate Charging)
21,1.7436765227430318,37.97418005443737,3,Urgent (Immediate Charging)
22,2.0897210921916995,45.393753939065256,3,Urgent (Immediate Charging)
23,0.6619795782123663,29.98141610704047,3,Urgent (Immediate Charging)
0,2.335712156570332,6.006718634009571,2,Urgent (Immediate Charging)
1,2.700212559659974,6.623592694043594,2,Urgent (Immediate Charging)
2,1.937482885661684,11.431328818332826,2,Urgent (Immediate Charging)
3,2.757861218052766,78.93551157563188,0,Urgent (Immediate Charging)
4,2.91425796993607,58.74152298342496,0,Urgent (Immediate Charging)
5,1.6235470537502177,68.8333119385666,0,Urgent (Immediate Charging)
6,1.6027506934963118,59.21757555858335,0,Urgent (Immediate Charging)
7,2.539533442160372,40.85727641136661,2,Urgent (Immediate Charging)
8,3.590900004760119,56.06964024826272,1,Urgent (Immediate Charging)
9,3.816622733917169,78.23675255331868,1,Urgent (Immediate Charging)
10,0.8345780770594409,17.47337751568118,3,Urgent (Immediate Charging)
11,1.1138600482698042,26.22106760279984,3,Urgent (Immediate Charging)
12,3.6169290206931297,70.09733350116187,1,Urgent (Immediate Charging)
13,3.843501686006378,55.40858450740993,1,Urgent (Immediate Charging)
14,3.2985827797971496,33.47231506142258,2,Urgent (Immediate Charging)
15,0.8343746327657573,53.57520170906194,3,Urgent (Immediate Charging)
16,2.3928429886885234,11.28842885033608,3,Urgent (Immediate Charging)
17,1.081960289337379,6.269100759870733,3,Urgent (Immediate Charging)
18,1.614998982232772,42.95272026706106,3,Urgent (Immediate Charging)
19,3.1965323284374243,43.24493715557364,1,Urgent (Immediate Charging)
20,2.922629067403097,12.442167206200743,3,Urgent (Immediate Charging)
21,3.0992111138460023,29.18339676386404,3,Urgent (Immediate Charging)
22,1.0668374057648584,74.18267082528274,3,Urgent (Immediate Charging)
23,2.496163491704368,72.08924276832295,1,Urgent (Immediate Charging)
0,1.7427239865770945,25.32972426052728,2,Urgent (Immediate Charging)
1,1.6089128439711164,58.50930203255331,0,Urgent (Immediate Charging)
2,1.80959882757053,76.57770216711769,0,Urgent (Immediate Charging)
3,1.2878208260813808,32.02408532686721,0,Urgent (Immediate Charging)
4,2.7468779364385645,63.43204575363278,0,Urgent (Immediate Charging)
5,0.9277405425487856,8.259211353059325,0,Urgent (Immediate Charging)
6,2.243740903492853,65.03081468702587,0,Urgent (Immediate Charging)
7,2.7285229579773715,39.18998751353248,2,Urgent (Immediate Charging)
8,3.365992362670763,79.3573768668566,1,Urgent (Immediate Charging)
9,4.189681044262882,76.66382798129307,1,Flexible (Can Extend Charging)
10,3.678719663093883,54.31762293384593,1,Urgent (Immediate Charging)
11,3.333534557949501,31.55147285240084,2,Urgent (Immediate Charging)
12,3.4441791955691783,45.81366156734756,1,Urgent (Immediate Charging)
13,3.4602596335154057,60.38629791395793,1,Urgent (Immediate Charging)
14,2.386367417747474,32.598880789009,3,Urgent (Immediate Charging)
15,2.0430838416650303,0.0457718422773702,3,Urgent (Immediate Charging)
16,3.2439420776713943,53.39896875032125,1,Urgent (Immediate Charging)
17,3.64455936950464,73.45257577678328,1,Urgent (Immediate Charging)
18,3.3269171700461,75.52338506958138,1,Urgent (Immediate Charging)
20,3.4585083780704537,65.03863434488625,1,Urgent (Immediate Charging)
21,3.2737059775809283,63.991170227375775,1,Urgent (Immediate Charging)
22,3.303450539696576,65.93421330641783,1,Urgent (Immediate Charging)
23,0.1653938787380431,26.75691987130609,3,Urgent (Immediate Charging)
0,3.394938347975785,8.823831028083502,2,Urgent (Immediate Charging)
1,3.8052322921511257,73.78086491491091,1,Urgent (Immediate Charging)
2,3.1485867738246958,26.510946858011508,2,Urgent (Immediate Charging)
3,3.577530942531314,77.63851676623986,1,Urgent (Immediate Charging)
4,3.3707680458935494,78.13016919490377,1,Urgent (Immediate Charging)
5,3.2474971104825423,5.602389790671721,2,Urgent (Immediate Charging)
6,1.1522928608565994,20.09377734133772,0,Urgent (Immediate Charging)
7,1.2233552822617653,40.27604440348503,0,Urgent (Immediate Charging)
8,3.737052894016936,53.95698169820941,1,Urgent (Immediate Charging)
9,3.0746734221595973,60.61379392452427,1,Urgent (Immediate Charging)
10,3.8048289639024975,63.30842211900583,1,Urgent (Immediate Charging)
11,0.8730910744027252,38.60563636862258,0,Urgent (Immediate Charging)
12,3.942321823588556,65.60582507754691,1,Urgent (Immediate Charging)
13,1.5627877600816036,46.61987332807575,3,Urgent (Immediate Charging)
14,1.226170646797648,49.363214910123695,3,Urgent (Immediate Charging)
15,0.9271524671043444,24.87454059878397,3,Urgent (Immediate Charging)
16,1.925077717311921,54.36218573947502,3,Urgent (Immediate Charging)
17,2.6345294176538347,6.443672288667047,3,Urgent (Immediate Charging)
18,2.4068069239659198,28.215649389656605,3,Urgent (Immediate Charging)
19,2.711851128865101,42.2855347814151,3,Urgent (Immediate Charging)
20,1.5060998972642905,76.1733008089697,1,Urgent (Immediate Charging)
21,0.7869547856185278,34.99715934379533,3,Urgent (Immediate Charging)
22,2.1900500909468525,26.509679689140484,3,Urgent (Immediate Charging)
23,1.6847005049924406,34.95512440558501,3,Urgent (Immediate Charging)
0,0.9227646505635444,62.0462303749696,0,Urgent (Immediate Charging)
1,2.0146280418884985,69.8745479772151,0,Urgent (Immediate Charging)
2,3.313162432081679,10.43167346455136,2,Urgent (Immediate Charging)
3,3.427368711002069,46.53802191715521,2,Urgent (Immediate Charging)
4,3.949096248516374,53.20639354696602,2,Urgent (Immediate Charging)
6,2.735253160120939,26.967931002629683,2,Urgent (Immediate Charging)
7,2.362047175321772,68.51919496631803,0,Urgent (Immediate Charging)
8,5.444091595791992,71.7085068763758,1,Flexible (Can Extend Charging)
9,1.7737185188156643,79.24854612418856,0,Urgent (Immediate Charging)
10,3.975565377243093,34.14920011576352,2,Urgent (Immediate Charging)
11,2.8343115681998023,66.70625110738425,1,Urgent (Immediate Charging)
12,3.0979140825176104,30.773548133404887,2,Urgent (Immediate Charging)
13,2.3027112101525438,24.155781563888247,3,Urgent (Immediate Charging)
14,3.3184757486494423,10.347606688667652,2,Urgent (Immediate Charging)
15,3.584508026255726,26.30453465597864,2,Urgent (Immediate Charging)
16,0.6687078471604287,26.730320039666697,3,Urgent (Immediate Charging)
17,3.691287395654341,48.61478557078329,1,Urgent (Immediate Charging)
18,1.3380403269013796,1.3302257390094765,3,Urgent (Immediate Charging)
19,1.3243102972703742,44.01595165676219,3,Urgent (Immediate Charging)
20,1.6154592958648422,18.433946311771635,3,Urgent (Immediate Charging)
21,2.734672708146337,37.70311871847127,3,Urgent (Immediate Charging)
22,0.182479566999436,56.19836617198485,3,Urgent (Immediate Charging)
23,1.4872108780959543,73.27597597314914,1,Urgent (Immediate Charging)
0,7.635144759342236,76.89240009827725,1,Flexible (Can Extend Charging)
1,1.628740264248428,23.92505033099207,0,Urgent (Immediate Charging)
2,0.7201439016240072,50.48944002879003,0,Urgent (Immediate Charging)
3,1.272887205572356,66.09153402649976,0,Urgent (Immediate Charging)
4,5.50549584194873,6.918423739637612,2,Flexible (Can Extend Charging)
6,1.9937683956108183,61.03806279047378,0,Urgent (Immediate Charging)
7,2.129584266932735,64.22961963559717,0,Urgent (Immediate Charging)
8,2.041257190991683,44.88676331081039,0,Urgent (Immediate Charging)
9,3.2053484932274814,58.94085857253415,1,Urgent (Immediate Charging)
10,1.3029419693211222,10.039817806428031,3,Urgent (Immediate Charging)
11,3.7184560198464975,17.53493129851908,2,Urgent (Immediate Charging)
12,2.1552441827737554,29.758384839143087,3,Urgent (Immediate Charging)
13,2.339041995533334,69.59647495660728,1,Urgent (Immediate Charging)
14,1.108622612726607,49.93390136150811,3,Urgent (Immediate Charging)
15,3.889259235283929,14.49216023800693,2,Urgent (Immediate Charging)
16,2.4975733714164927,38.409401627820046,3,Urgent (Immediate Charging)
17,0.9049933799223272,8.234584116412151,3,Urgent (Immediate Charging)
18,3.470197295523424,34.86162084385812,1,Urgent (Immediate Charging)
19,1.7154703220669447,57.92746599973164,3,Urgent (Immediate Charging)
20,2.8793142483569616,49.40924272632639,1,Urgent (Immediate Charging)
21,1.8536958220858872,9.98078152795496,3,Urgent (Immediate Charging)
22,2.947798348838419,29.05244637809921,3,Urgent (Immediate Charging)
23,1.0017255391880249,42.09423335073603,3,Urgent (Immediate Charging)
0,0.9570522514645856,45.76954763488772,0,Urgent (Immediate Charging)
1,0.8914608032917152,53.71328701264429,0,Urgent (Immediate Charging)
2,3.0266926899756235,66.40550756937826,0,Urgent (Immediate Charging)
3,3.507587027314703,11.456912304995278,2,Urgent (Immediate Charging)
4,2.5744522324326478,75.57096449529908,0,Urgent (Immediate Charging)
5,2.8696201272055117,44.36125627735559,2,Urgent (Immediate Charging)
6,0.90863538505303,28.253031404856078,0,Urgent (Immediate Charging)
7,0.8584585118721564,39.48883106753241,0,Urgent (Immediate Charging)
8,0.5600185390642642,25.36585765013293,0,Urgent (Immediate Charging)
9,2.286994123653503,69.21096127147155,1,Urgent (Immediate Charging)
10,2.518838903178549,34.60220459389867,2,Urgent (Immediate Charging)
11,3.4318472030931444,40.78700348086861,2,Urgent (Immediate Charging)
12,0.5720001264069344,21.871253290777545,3,Urgent (Immediate Charging)
13,3.643773933683493,47.23207084043696,1,Urgent (Immediate Charging)
15,1.639131350863248,18.79049305407434,3,Urgent (Immediate Charging)
16,0.658087147741172,47.28525433337332,3,Urgent (Immediate Charging)
17,1.1724526452065331,30.165570663990163,3,Urgent (Immediate Charging)
18,1.603396900811905,34.895113266087755,3,Urgent (Immediate Charging)
19,3.522937606509423,54.96447201998234,1,Urgent (Immediate Charging)
20,1.678513518078668,74.78581939727512,1,Urgent (Immediate Charging)
21,1.813883272279106,34.79054782301729,3,Urgent (Immediate Charging)
22,3.0076728841988243,69.13309024823164,1,Urgent (Immediate Charging)
23,1.9490036808846656,38.08536376892858,3,Urgent (Immediate Charging)
0,0.9038658015347332,27.752745917900945,0,Urgent (Immediate Charging)
1,0.1400299896270325,41.65484517329656,0,Urgent (Immediate Charging)
2,2.307793619186011,35.38682540127056,2,Urgent (Immediate Charging)
3,1.5582031664365312,68.56767860768713,0,Urgent (Immediate Charging)
5,1.209165866938475,36.46547333950338,0,Urgent (Immediate Charging)
6,1.1966550703712333,44.64048952672159,0,Urgent (Immediate Charging)
7,2.69291212611694,40.27163575273819,2,Urgent (Immediate Charging)
8,0.6802510481291344,34.43336364069278,0,Urgent (Immediate Charging)
10,1.5760735823647318,18.561385925179625,3,Urgent (Immediate Charging)
11,2.122151382858424,59.79776909471581,0,Urgent (Immediate Charging)
12,3.253943970799586,59.7683124702693,1,Urgent (Immediate Charging)
13,1.8724897379065244,36.70152016311202,3,Urgent (Immediate Charging)
14,2.6867849756685187,10.23177592340076,2,Urgent (Immediate Charging)
15,0.9340104811844988,24.23053686415175,3,Urgent (Immediate Charging)
16,2.5051031041296725,21.70612432843914,3,Urgent (Immediate Charging)
17,1.733814613519093,57.896271802948434,3,Urgent (Immediate Charging)
18,1.3929038766830024,35.17106494410814,3,Urgent (Immediate Charging)
19,3.8826745929591495,15.729551165353076,2,Urgent (Immediate Charging)
20,2.364887014594136,34.077999734831565,3,Urgent (Immediate Charging)
21,2.0344660264566903,26.050244075726223,3,Urgent (Immediate Charging)
22,3.275716023162417,21.847908232183183,3,Urgent (Immediate Charging)
23,1.7093751262201915,15.42551087839598,3,Urgent (Immediate Charging)
0,1.4602158515437484,13.650698039870646,2,Urgent (Immediate Charging)
1,0.8780886177535373,24.775659394661684,0,Urgent (Immediate Charging)
2,0.8732927437039172,67.45812734205117,0,Urgent (Immediate Charging)
3,1.028622473739241,12.043247362327255,0,Urgent (Immediate Charging)
4,2.331310347529361,61.23146590227786,0,Urgent (Immediate Charging)
5,2.007710442831197,23.193290217345247,2,Urgent (Immediate Charging)
6,3.738364454329079,48.38617697981442,2,Urgent (Immediate Charging)
7,3.7216169245582016,29.6808062667524,2,Urgent (Immediate Charging)
8,3.4473801774524637,25.08836904191854,2,Urgent (Immediate Charging)
10,1.0574159301938304,56.1150925022779,0,Urgent (Immediate Charging)
11,3.165199902155342,15.898734225246953,2,Urgent (Immediate Charging)
12,3.2634983979053573,41.15701390960357,1,Urgent (Immediate Charging)
13,1.8944880905881227,41.90586399017345,3,Urgent (Immediate Charging)
14,2.4329371335759373,8.335789160236999,3,Urgent (Immediate Charging)
15,1.28599016746863,90.23550358200892,0,Urgent (Immediate Charging)
16,1.9346884585896515,18.1024722667836,3,Urgent (Immediate Charging)
17,3.4047280954422168,59.19854015458014,1,Urgent (Immediate Charging)
19,2.689745698708827,15.774763064545793,3,Urgent (Immediate Charging)
20,1.8494180046914104,75.09027362309024,1,Urgent (Immediate Charging)
21,2.332808817220075,23.915003796268465,3,Urgent (Immediate Charging)
22,2.090777615246685,13.819971244902632,3,Urgent (Immediate Charging)
23,1.1579435522661186,79.97267190690829,1,Urgent (Immediate Charging)
0,3.910006446044101,5.163807087916792,2,Urgent (Immediate Charging)
1,1.289438988112685,55.095255841104894,0,Urgent (Immediate Charging)
2,3.227826774061622,38.188211099692175,2,Urgent (Immediate Charging)
3,0.6326302700939862,41.13168722967361,0,Urgent (Immediate Charging)
4,1.7011173546131593,55.199838402705424,0,Urgent (Immediate Charging)
5,0.9453801792438452,72.31121635965684,0,Urgent (Immediate Charging)
6,1.8547686901055345,37.49380570218128,0,Urgent (Immediate Charging)
7,3.136208977991735,55.374954290710285,1,Urgent (Immediate Charging)
8,3.3861550875352284,33.467398984964014,2,Urgent (Immediate Charging)
9,3.383070445634935,53.35952018455622,1,Urgent (Immediate Charging)
10,2.197050161090055,76.03768937793197,1,Urgent (Immediate Charging)
11,3.760235626861669,9.79334907118558,2,Urgent (Immediate Charging)
12,1.4410908929776702,45.45344885211073,0,Urgent (Immediate Charging)
13,2.2946149964785327,31.728682285908047,3,Urgent (Immediate Charging)
14,2.4754102392871,76.16478844210974,1,Urgent (Immediate Charging)
15,2.765621656971513,59.16864335631949,1,Urgent (Immediate Charging)
16,2.8915627841140754,15.10403338179977,3,Urgent (Immediate Charging)
17,1.2541996768004464,66.24653780691024,3,Urgent (Immediate Charging)
18,3.000895955075018,30.726160737544745,3,Urgent (Immediate Charging)
19,3.624371786707156,77.69304556526747,1,Urgent (Immediate Charging)
20,1.2335246867841825,77.12500791368723,1,Urgent (Immediate Charging)
21,1.2452884167132,8.28243853987389,3,Urgent (Immediate Charging)
22,1.0288856470267305,50.5305305671186,3,Urgent (Immediate Charging)
23,3.732577706614646,64.9305064614647,1,Urgent (Immediate Charging)
1,1.3761709730713558,55.62849667174399,0,Urgent (Immediate Charging)
2,1.197691869919004,41.99326219500855,0,Urgent (Immediate Charging)
3,0.5500176951424511,38.69718656721909,0,Urgent (Immediate Charging)
4,1.7046015910873678,62.26265635402747,0,Urgent (Immediate Charging)
5,3.7949895819234527,35.84413909327468,2,Urgent (Immediate Charging)
6,3.540379012105647,55.46883682152323,1,Urgent (Immediate Charging)
7,1.4832810341977656,19.721540010730703,2,Urgent (Immediate Charging)
8,2.1861491819293675,68.45025675480477,0,Urgent (Immediate Charging)
9,1.6591607025328534,79.94974411198142,0,Urgent (Immediate Charging)
10,3.71738986284209,60.46898672586866,1,Urgent (Immediate Charging)
11,1.7178280150084737,35.38265952853404,3,Urgent (Immediate Charging)
12,0.6024173820856626,37.688027665454456,0,Urgent (Immediate Charging)
13,1.47066972117344,20.79343928787075,3,Urgent (Immediate Charging)
14,3.799819207963679,53.36289470151473,1,Urgent (Immediate Charging)
15,1.6404240382645088,24.267335453342245,3,Urgent (Immediate Charging)
16,2.8441911583636044,68.20904345854468,1,Urgent (Immediate Charging)
17,2.858349510172882,27.706067785342437,3,Urgent (Immediate Charging)
18,0.7298829248016605,76.68731222622425,0,Urgent (Immediate Charging)
19,0.5641102252550376,45.36457787633022,3,Urgent (Immediate Charging)
20,1.3744963855629204,27.498043111589936,3,Urgent (Immediate Charging)
21,3.68149298030484,74.70693087698855,1,Urgent (Immediate Charging)
22,2.781840207444596,37.52045250571513,3,Urgent (Immediate Charging)
23,2.9065385519269062,24.04346935025211,3,Urgent (Immediate Charging)
0,1.2783700242921128,9.51652733339272,2,Urgent (Immediate Charging)
1,3.036909807335081,39.88426993608347,2,Urgent (Immediate Charging)
2,2.2904466878175924,5.755524649492359,2,Urgent (Immediate Charging)
3,1.704673382416253,13.003539499532652,2,Urgent (Immediate Charging)
4,2.8572143402961414,21.35157383578864,2,Urgent (Immediate Charging)
5,1.6639703334245637,48.84665066850152,0,Urgent (Immediate Charging)
6,2.858817714150072,9.206012694775316,2,Urgent (Immediate Charging)
7,1.9064831850782733,19.93670718240265,2,Urgent (Immediate Charging)
9,2.8502383451136155,76.18778788307228,1,Urgent (Immediate Charging)
10,3.609229819666397,72.94073165721504,1,Urgent (Immediate Charging)
11,1.7128937441723353,24.54169744898367,3,Urgent (Immediate Charging)
12,3.4814381690198086,7.446816605478516,2,Urgent (Immediate Charging)
13,1.6631801307711285,17.199039032159078,3,Urgent (Immediate Charging)
15,1.0953543616585946,72.27855411576432,0,Urgent (Immediate Charging)
16,2.461603715954156,18.01705100546142,3,Urgent (Immediate Charging)
17,2.4214112224514865,59.126629342112274,1,Urgent (Immediate Charging)
18,4.226667873215021,35.86668099087705,1,Flexible (Can Extend Charging)
19,1.8876640005318568,5.20011260069647,3,Urgent (Immediate Charging)
20,1.1929063943723863,28.77227402735012,3,Urgent (Immediate Charging)
21,3.09976792162395,61.90801716904538,1,Urgent (Immediate Charging)
22,2.848815610735716,35.017606522824096,3,Urgent (Immediate Charging)
23,2.6140629880131234,14.804488742545598,3,Urgent (Immediate Charging)
0,1.0208252585151376,65.10291874065945,0,Urgent (Immediate Charging)
1,3.405813276569597,18.120951026827235,2,Urgent (Immediate Charging)
2,2.942916165689722,61.63104965912597,0,Urgent (Immediate Charging)
3,3.736266174957047,71.8059193887291,1,Urgent (Immediate Charging)
4,1.5990277384572906,45.98918433743132,0,Urgent (Immediate Charging)
5,1.3093292808686268,45.858999052265375,0,Urgent (Immediate Charging)
6,2.870813713553876,55.691891653122006,1,Urgent (Immediate Charging)
7,3.661900843125582,23.050456238396517,2,Urgent (Immediate Charging)
8,0.6941299404276727,39.97272424864232,0,Urgent (Immediate Charging)
9,1.4617679826287715,21.05357940478484,3,Urgent (Immediate Charging)
10,2.9124603386156505,8.789017000425101,2,Urgent (Immediate Charging)
11,2.819041425308821,97.6677653925048,1,Urgent (Immediate Charging)
12,2.705994138237201,39.94579631974886,2,Urgent (Immediate Charging)
13,3.069542306569536,41.01292040629061,1,Urgent (Immediate Charging)
14,3.254397835722627,11.422192304640166,2,Urgent (Immediate Charging)
15,1.7728069001606237,52.28437229318183,3,Urgent (Immediate Charging)
16,3.306874017578997,77.63234569193523,1,Urgent (Immediate Charging)
17,2.206144329104404,14.175393197160597,3,Urgent (Immediate Charging)
18,2.2607468723450665,28.337522357857683,3,Urgent (Immediate Charging)
19,1.7302764040325571,17.628897372729085,3,Urgent (Immediate Charging)
20,1.1310299985017624,45.45111536306598,3,Urgent (Immediate Charging)
21,3.5902414161320197,49.66092549992548,1,Urgent (Immediate Charging)
22,2.159224759169293,23.942080345214407,3,Urgent (Immediate Charging)
23,2.441421134965461,23.86992273236189,3,Urgent (Immediate Charging)
0,2.494662938263948,8.641282040664738,2,Urgent (Immediate Charging)
1,0.767174747582585,11.139612943722046,0,Urgent (Immediate Charging)
2,0.9790760332303992,46.40242818798875,0,Urgent (Immediate Charging)
3,3.4981219794097917,77.2662199543138,1,Urgent (Immediate Charging)
4,3.9769703835389874,5.995140564565627,2,Urgent (Immediate Charging)
5,3.342356048760274,21.270741905550192,2,Urgent (Immediate Charging)
6,0.9480562282120272,38.13860653803928,0,Urgent (Immediate Charging)
7,2.0607338598297,37.9980325281785,0,Urgent (Immediate Charging)
8,2.1412999520428557,12.89314235582393,2,Urgent (Immediate Charging)
9,1.9622731644438964,60.624560710723856,0,Urgent (Immediate Charging)
11,0.890728405098075,5.868319195612725,3,Urgent (Immediate Charging)
13,1.224897157423554,77.69879024520026,0,Urgent (Immediate Charging)
14,2.2434218074905186,94.36532940921012,1,Urgent (Immediate Charging)
15,1.767862582188473,43.95822631658241,3,Urgent (Immediate Charging)
16,1.9127243418837656,76.48074420185159,1,Urgent (Immediate Charging)
17,3.2649354225943634,66.17819525015547,1,Urgent (Immediate Charging)
18,3.728899690984893,76.24242378732372,1,Urgent (Immediate Charging)
19,0.1543006838884049,35.15737675512804,3,Urgent (Immediate Charging)
20,1.8073273628784672,53.11979970086487,3,Urgent (Immediate Charging)
21,2.7653907898092647,43.12603811805074,3,Urgent (Immediate Charging)
22,2.2151488205935204,60.68153839035487,1,Urgent (Immediate Charging)
23,2.008872705709381,33.67446234201802,3,Urgent (Immediate Charging)
0,1.60323446506385,54.54859168539257,0,Urgent (Immediate Charging)
1,0.9400021772463668,14.11630705481829,0,Urgent (Immediate Charging)
2,1.8218096881056245,11.321914132806013,2,Urgent (Immediate Charging)
3,1.7244365892735611,26.586710215463047,0,Urgent (Immediate Charging)
4,3.318274233997271,65.92220415676107,1,Urgent (Immediate Charging)
5,0.7971326905760627,37.51588423680197,0,Urgent (Immediate Charging)
6,2.469105223394977,20.07464990247556,2,Urgent (Immediate Charging)
7,1.4840355493987545,10.390644028146834,2,Urgent (Immediate Charging)
8,1.2359897744455028,5.892835163588776,3,Urgent (Immediate Charging)
9,3.001670866278254,48.52491426934318,1,Urgent (Immediate Charging)
10,2.4615937135645067,51.94497776365302,1,Urgent (Immediate Charging)
11,3.2474625768175143,20.79043601283822,2,Urgent (Immediate Charging)
12,1.7322676793318448,49.48345837435455,0,Urgent (Immediate Charging)
13,0.4348899347683468,25.527547211644688,3,Urgent (Immediate Charging)
14,1.2982715793607214,19.958025275991496,3,Urgent (Immediate Charging)
15,3.982832649146134,33.694161775319,1,Urgent (Immediate Charging)
16,0.9190462989996282,45.15937317195059,3,Urgent (Immediate Charging)
17,3.5741893701518244,60.83110355266755,1,Urgent (Immediate Charging)
19,1.4249095724737948,47.67827374967497,3,Urgent (Immediate Charging)
20,1.920578840930284,27.63793401856366,3,Urgent (Immediate Charging)
21,3.89415989940598,66.46105412754665,1,Urgent (Immediate Charging)
0,3.993692464101333,10.201613009568993,2,Urgent (Immediate Charging)
1,3.9267976658180577,67.61464385497968,1,Urgent (Immediate Charging)
2,3.623260788462997,8.936913796477242,2,Urgent (Immediate Charging)
3,3.69223745793969,26.4440331229724,2,Urgent (Immediate Charging)
4,0.7302658470574883,42.01795949517358,0,Urgent (Immediate Charging)
5,1.7686214108047422,27.99720488584749,2,Urgent (Immediate Charging)
6,2.539178253623862,34.54134762062127,2,Urgent (Immediate Charging)
7,3.883982812856207,67.07828216010658,1,Urgent (Immediate Charging)
8,3.775135400150372,39.70699556704798,2,Urgent (Immediate Charging)
9,2.2464335181781654,6.448880265075534,2,Urgent (Immediate Charging)
10,3.7776687534767657,30.751503981203896,2,Urgent (Immediate Charging)
11,0.7584002476785885,28.80292498005887,3,Urgent (Immediate Charging)
12,1.932805944248584,30.98756655243088,3,Urgent (Immediate Charging)
13,3.708384637781146,85.03985430629427,1,Urgent (Immediate Charging)
14,2.6794513868152903,47.76784734327861,1,Urgent (Immediate Charging)
15,1.121155294576189,57.45442116792438,0,Urgent (Immediate Charging)
16,1.8134291486520389,45.93945507648217,3,Urgent (Immediate Charging)
17,0.8052844859460296,49.53480945615692,3,Urgent (Immediate Charging)
18,2.1813898087081207,52.73977320604877,1,Urgent (Immediate Charging)
19,2.768766275908739,61.93297987243194,1,Urgent (Immediate Charging)
20,3.463646934482638,23.437875326038824,3,Urgent (Immediate Charging)
21,0.7281019856402245,8.315805795177543,3,Urgent (Immediate Charging)
22,3.4114497040466847,10.185000186311704,3,Urgent (Immediate Charging)
23,3.942567771945161,71.94505922956554,1,Urgent (Immediate Charging)
0,2.4162095160231494,9.209067930589208,2,Urgent (Immediate Charging)
1,1.67314095226569,21.918495812082128,2,Urgent (Immediate Charging)
2,1.171874031931034,21.795382498227173,0,Urgent (Immediate Charging)
3,1.4754514936283083,27.994930739365664,0,Urgent (Immediate Charging)
4,1.9263703305377575,35.7622826922978,0,Urgent (Immediate Charging)
5,1.793903739579803,7.917185918511961,2,Urgent (Immediate Charging)
6,4.299202474228416,26.17745506640429,2,Flexible (Can Extend Charging)
8,2.736072147491702,60.25144069020241,1,Urgent (Immediate Charging)
9,2.131400837288165,15.691719285120502,2,Urgent (Immediate Charging)
10,0.5572133283266743,54.82511333467084,0,Urgent (Immediate Charging)
11,1.566585949247255,65.23254316413059,0,Urgent (Immediate Charging)
12,0.9302393081131928,6.432324170240332,3,Urgent (Immediate Charging)
13,3.909610780305439,16.126089718922938,2,Urgent (Immediate Charging)
14,0.7756632656622946,66.97990803084751,0,Urgent (Immediate Charging)
15,2.8491514275571355,74.27670057664027,1,Urgent (Immediate Charging)
16,1.2492962907593128,39.73385254628378,3,Urgent (Immediate Charging)
17,2.365990922637261,60.7251438890711,1,Urgent (Immediate Charging)
18,2.501808768424507,43.251453479602375,3,Urgent (Immediate Charging)
19,1.426444321988523,42.01165353037616,3,Urgent (Immediate Charging)
20,3.238212428284869,68.18585286511737,1,Urgent (Immediate Charging)
21,3.2671216940712613,18.895101661444063,3,Urgent (Immediate Charging)
22,2.754527481618902,13.75625150299386,3,Urgent (Immediate Charging)
23,3.7409703687194935,63.65257024136892,1,Urgent (Immediate Charging)
